"ï..Date","Price","Open","High","Low","Vol.","Change.."
"Dec 03, 2021",34579.55,34718.95,34801.31,34265.17,"419.61M","-0.18%"
"Dec 02, 2021",34641.7,34076.25,34759.65,34076.25,"443.93M","1.82%"
"Dec 01, 2021",34021.61,34773.76,35004.42,34014.41,"481.43M","-1.34%"
"Nov 30, 2021",34484.18,35056.99,35056.99,34426.68,"592.20M","-1.85%"
"Nov 29, 2021",35135.78,35236.04,35282.11,34896.95,"392.37M","0.65%"
"Nov 26, 2021",34908.1,35127.45,35153.58,34750.02,"293.49M","-2.51%"
"Nov 24, 2021",35805.17,35752.31,35825.11,35592.54,"263.33M","-0.02%"
"Nov 23, 2021",35813.74,35619.92,35841.52,35542.99,"364.51M","0.55%"
"Nov 22, 2021",35619.26,35631.41,35929.02,35617.83,"399.04M","0.05%"
"Nov 19, 2021",35602.18,35809.9,35809.9,35556.85,"389.34M","-0.75%"
"Nov 18, 2021",35871.34,35901.69,35944.9,35654.39,"420.67M","-0.17%"
"Nov 17, 2021",35931.52,36159.7,36159.7,35909.5,"338.88M","-0.59%"
"Nov 16, 2021",36144.13,36076.18,36316.52,36076.18,"287.97M","0.16%"
"Nov 15, 2021",36087.98,36155.81,36234.66,36035.07,"264.18M","-0.03%"
"Nov 12, 2021",36100.37,35963.78,36147.5,35934.82,"273.83M","0.50%"
"Nov 11, 2021",35921.24,36093.78,36102.53,35916.4,"260.79M","-0.44%"
"Nov 10, 2021",36079.54,36214.42,36346.61,36009.75,"267.10M","-0.66%"
"Nov 09, 2021",36320.5,36404.53,36416.21,36173.79,"242.21M","-0.30%"
"Nov 08, 2021",36431.39,36472.63,36565.73,36334.57,"269.41M","0.28%"
"Nov 05, 2021",36329.07,36268.75,36483.13,36190.2,"332.69M","0.57%"
"Nov 04, 2021",36124.66,36107.46,36166.79,35986.65,"297.06M","-0.09%"
"Nov 03, 2021",36157.02,35989.01,36178.05,35891.73,"246.54M","0.29%"
"Nov 02, 2021",36053.09,35947.35,36088.32,35886.16,"290.99M","0.39%"
"Nov 01, 2021",35913.68,35920.1,36008.22,35799.49,"282.29M","0.26%"
"Oct 29, 2021",35819.59,35643.35,35852.28,35634.39,"373.25M","0.25%"
"Oct 28, 2021",35729.89,35545.41,35741.17,35545.41,"327.61M","0.67%"
"Oct 27, 2021",35491.48,35835.43,35835.43,35490.83,"338.08M","-0.74%"
"Oct 26, 2021",35755.83,35850.04,35892.89,35735.6,"300.89M","0.03%"
"Oct 25, 2021",35743.78,35692.62,35787.04,35629.85,"253.33M","0.19%"
"Oct 22, 2021",35677.68,35607.72,35764.71,35535.18,"332.86M","0.21%"
"Oct 21, 2021",35601.96,35526.08,35610.16,35442.55,"286.02M","-0.02%"
"Oct 20, 2021",35609.93,35466,35669.2,35466,"255.54M","0.43%"
"Oct 19, 2021",35458.37,35390.24,35458.91,35295.25,"264.80M","0.57%"
"Oct 18, 2021",35259.01,35150.55,35326.72,35036.87,"293.23M","-0.10%"
"Oct 15, 2021",35295.48,35023.63,35319.87,35023.63,"311.66M","1.10%"
"Oct 14, 2021",34911.7,34443.22,34923.63,34443.22,"312.38M","1.55%"
"Oct 13, 2021",34378.6,34372.71,34449,34116.52,"300.31M","0.00%"
"Oct 12, 2021",34378.08,34507.15,34611.24,34320.1,"304.92M","-0.34%"
"Oct 11, 2021",34496.85,34760.93,34951.04,34486.51,"241.47M","-0.72%"
"Oct 08, 2021",34746.71,34757.57,34842.03,34663.82,"223.79M","-0.02%"
"Oct 07, 2021",34754.15,34615.71,34973.53,34615.71,"262.07M","0.98%"
"Oct 06, 2021",34417.98,34198.96,34431.78,33855.34,"309.71M","0.30%"
"Oct 05, 2021",34315.99,34035.25,34490.95,34035.25,"297.56M","0.92%"
"Oct 04, 2021",34003.58,34277.7,34408.53,33822.68,"380.92M","-0.94%"
"Oct 01, 2021",34327.45,33930.7,34490.19,33785.54,"412.09M","1.43%"
"Sep 30, 2021",33843.33,34467.98,34557.37,33833.32,"337.44M","-1.59%"
"Sep 29, 2021",34390.92,34360.08,34579.87,34309.22,"280.49M","0.27%"
"Sep 28, 2021",34299.53,34747.7,34795.26,34254.65,"369.06M","-1.64%"
"Sep 27, 2021",34870.16,34809.77,35060.25,34809.77,"276.79M","0.21%"
"Sep 24, 2021",34797.6,34729.47,34856.92,34650.68,"246.30M","0.09%"
"Sep 23, 2021",34766,34296.3,34879.78,34296.3,"273.45M","1.48%"
"Sep 22, 2021",34258.51,34006.87,34439.59,34006.87,"285.49M","0.99%"
"Sep 21, 2021",33922.54,34125.88,34312.14,33918.58,"292.77M","-0.14%"
"Sep 20, 2021",33970.8,34154.34,34226.47,33614.43,"405.24M","-1.78%"
"Sep 17, 2021",34584.88,34737.86,34779.86,34519.63,"577.97M","-0.48%"
"Sep 16, 2021",34751.32,34810.27,34943.55,34540.11,"279.31M","-0.18%"
"Sep 15, 2021",34814.39,34580.95,34880.77,34522.03,"324.98M","0.68%"
"Sep 14, 2021",34577.57,34906.9,34990.36,34510.3,"329.18M","-0.84%"
"Sep 13, 2021",34869.63,34665.5,34939.1,34665.5,"334.19M","0.76%"
"Sep 10, 2021",34607.72,34949.59,35104.25,34599.61,"333.23M","-0.78%"
"Sep 09, 2021",34879.38,35013.08,35199.89,34847.3,"262.38M","-0.43%"
"Sep 08, 2021",35031.07,35087.45,35175.15,34925.61,"261.88M","-0.20%"
"Sep 07, 2021",35100,35373.24,35373.24,35060.9,"290.73M","-0.76%"
"Sep 03, 2021",35369.09,35401.73,35422.71,35269.4,"223.39M","-0.21%"
"Sep 02, 2021",35443.82,35353.06,35475.4,35348.48,"265.18M","0.37%"
"Sep 01, 2021",35312.53,35387.55,35407.37,35287.05,"266.57M","-0.14%"
"Aug 31, 2021",35360.73,35391.38,35449.79,35289.86,"337.24M","-0.11%"
"Aug 30, 2021",35399.84,35471.8,35510.71,35374.46,"246.81M","-0.16%"
"Aug 27, 2021",35455.8,35231.11,35479.18,35231.11,"242.14M","0.69%"
"Aug 26, 2021",35213.12,35449.68,35498.45,35205.1,"239.93M","-0.54%"
"Aug 25, 2021",35405.5,35388.77,35501.14,35287.63,"239.71M","0.11%"
"Aug 24, 2021",35366.26,35382.72,35445.47,35356.18,"230.48M","0.09%"
"Aug 23, 2021",35335.71,35160.97,35428.91,35160.97,"250.96M","0.61%"
"Aug 20, 2021",35120.08,34917.96,35177.26,34867.07,"269.55M","0.65%"
"Aug 19, 2021",34894.12,34874.67,34997.81,34690.25,"335.05M","-0.19%"
"Aug 18, 2021",34960.69,35310.2,35356.8,34943.41,"291.06M","-1.08%"
"Aug 17, 2021",35343.28,35500.01,35500.01,35120.31,"310.15M","-0.79%"
"Aug 16, 2021",35625.4,35490.83,35631.19,35231.87,"294.01M","0.31%"
"Aug 13, 2021",35515.38,35551.56,35610.57,35474.78,"238.68M","0.04%"
"Aug 12, 2021",35499.85,35481.94,35510.77,35352.53,"236.16M","0.04%"
"Aug 11, 2021",35484.97,35300.89,35501.16,35300.89,"233.04M","0.62%"
"Aug 10, 2021",35264.67,35135.17,35285.16,35091.91,"255.24M","0.46%"
"Aug 09, 2021",35101.85,35229.67,35229.67,35041.24,"207.85M","-0.30%"
"Aug 06, 2021",35208.51,35077.44,35246.79,35077.44,"231.57M","0.41%"
"Aug 05, 2021",35064.25,34815.61,35067.54,34815.61,"217.39M","0.78%"
"Aug 04, 2021",34792.67,35047.44,35047.44,34790.62,"245.30M","-0.92%"
"Aug 03, 2021",35116.4,34864.1,35120.94,34714.33,"259.82M","0.80%"
"Aug 02, 2021",34838.16,34968.56,35192.11,34808.2,"244.89M","-0.28%"
"Jul 30, 2021",34935.47,35013.26,35106.3,34871.13,"281.14M","-0.42%"
"Jul 29, 2021",35084.53,34985.99,35171.52,34985.99,"223.67M","0.44%"
"Jul 28, 2021",34930.93,35109.95,35116.37,34876.84,"347.17M","-0.36%"
"Jul 27, 2021",35058.52,35078.9,35078.9,34878.07,"335.25M","-0.24%"
"Jul 26, 2021",35144.31,35055.86,35150.37,34950.19,"264.80M","0.24%"
"Jul 23, 2021",35061.55,34855.11,35095.33,34855.11,"315.06M","0.68%"
"Jul 22, 2021",34823.35,34799.68,34879.28,34673.03,"294.65M","0.07%"
"Jul 21, 2021",34798,34556.96,34820.24,34556.96,"327.19M","0.83%"
"Jul 20, 2021",34511.99,33981.79,34621.79,33981.79,"388.08M","1.62%"
"Jul 19, 2021",33962.04,34528.48,34528.48,33741.76,"450.16M","-2.09%"
"Jul 16, 2021",34687.85,35007.94,35090.01,34647.82,"328.98M","-0.86%"
"Jul 15, 2021",34987.02,34924.81,34990.41,34762.87,"320.45M","0.15%"
"Jul 14, 2021",34933.23,34920.83,35069.18,34826.87,"348.66M","0.13%"
"Jul 13, 2021",34888.79,34959.96,35018.79,34876.89,"323.68M","-0.31%"
"Jul 12, 2021",34996.18,34836.75,35014.9,34730.15,"302.28M","0.36%"
"Jul 09, 2021",34870.16,34457.51,34893.72,34457.51,"301.75M","1.30%"
"Jul 08, 2021",34421.93,34569.01,34569.01,34145.59,"335.76M","-0.75%"
"Jul 07, 2021",34681.79,34604.17,34708.78,34435.59,"305.38M","0.30%"
"Jul 06, 2021",34577.37,34790.16,34814.2,34358.42,"348.43M","-0.60%"
"Jul 02, 2021",34786.35,34642.42,34821.93,34613.49,"303.06M","0.44%"
"Jul 01, 2021",34633.53,34507.32,34640.28,34498.85,"269.31M","0.38%"
"Jun 30, 2021",34502.51,34290.74,34553.16,34245.48,"298.63M","0.61%"
"Jun 29, 2021",34292.29,34338.89,34469.83,34266.83,"288.65M","0.03%"
"Jun 28, 2021",34283.27,34428.1,34449.65,34186.13,"281.29M","-0.44%"
"Jun 25, 2021",34433.84,34328.1,34501.02,34314.8,"456.03M","0.69%"
"Jun 24, 2021",34196.82,33933.91,34233.02,33933.91,"279.38M","0.95%"
"Jun 23, 2021",33874.24,33948.54,34009.4,33869.83,"257.05M","-0.21%"
"Jun 22, 2021",33945.58,33872.56,34040.7,33751.06,"285.33M","0.20%"
"Jun 21, 2021",33876.97,33312.07,33908.09,33312.07,"324.44M","1.76%"
"Jun 18, 2021",33290.08,33622.7,33622.7,33271.93,"569.38M","-1.58%"
"Jun 17, 2021",33823.45,34014.38,34091.79,33626.61,"355.92M","-0.62%"
"Jun 16, 2021",34033.67,34308.48,34333.25,33917.11,"348.03M","-0.77%"
"Jun 15, 2021",34299.33,34397.1,34420.38,34199.16,"274.13M","-0.27%"
"Jun 14, 2021",34393.75,34472.52,34472.52,34211.54,"302.55M","-0.25%"
"Jun 11, 2021",34479.6,34499.81,34618.09,34328.65,"262.62M","0.04%"
"Jun 10, 2021",34466.24,34502.51,34737.79,34447.25,"310.88M","0.06%"
"Jun 09, 2021",34447.14,34626.16,34654.67,34439.37,"246.54M","-0.44%"
"Jun 08, 2021",34599.82,34645.84,34665.38,34452.94,"296.09M","-0.09%"
"Jun 07, 2021",34630.24,34766.2,34820.91,34574.51,"259.44M","-0.36%"
"Jun 04, 2021",34756.39,34618.69,34772.12,34618.69,"271.56M","0.52%"
"Jun 03, 2021",34577.04,34550.31,34667.41,34334.41,"299.74M","-0.07%"
"Jun 02, 2021",34600.38,34614.62,34706.65,34545.96,"265.16M","0.07%"
"Jun 01, 2021",34575.31,34584.19,34849.32,34542.87,"294.79M","0.13%"
"May 28, 2021",34529.45,34558.5,34631.11,34520.09,"290.85M","0.19%"
"May 27, 2021",34464.64,34432.47,34608.82,34389.24,"520.63M","0.41%"
"May 26, 2021",34323.05,34336.34,34409.59,34271.44,"259.81M","0.03%"
"May 25, 2021",34312.46,34428.66,34511.35,34266.03,"289.95M","-0.24%"
"May 24, 2021",34393.98,34253.87,34472.51,34253.87,"251.81M","0.54%"
"May 21, 2021",34207.84,34121.91,34415.48,34121.91,"308.84M","0.36%"
"May 20, 2021",34084.15,33906.3,34233.4,33872.41,"324.40M","0.55%"
"May 19, 2021",33896.04,33945.81,33945.81,33473.8,"354.00M","-0.48%"
"May 18, 2021",34060.66,34351.18,34408.99,34044.1,"301.78M","-0.78%"
"May 17, 2021",34327.79,34375.29,34383.84,34176.65,"293.36M","-0.16%"
"May 14, 2021",34382.13,34050.86,34454.05,34050.86,"307.38M","1.06%"
"May 13, 2021",34021.45,33624.74,34181.77,33623.49,"352.81M","1.29%"
"May 12, 2021",33587.66,34206.4,34207.87,33555.22,"383.58M","-1.99%"
"May 11, 2021",34269.16,34572.74,34572.74,34075.31,"413.18M","-1.36%"
"May 10, 2021",34742.82,34785.27,35091.56,34741.57,"370.04M","-0.10%"
"May 07, 2021",34777.76,34578.27,34811.39,34464.31,"311.63M","0.66%"
"May 06, 2021",34548.53,34245.11,34561.29,34185.06,"317.12M","0.93%"
"May 05, 2021",34230.34,34163.99,34331.2,34039.66,"255.81M","0.29%"
"May 04, 2021",34133.03,34080.2,34147.78,33765.68,"410.17M","0.06%"
"May 03, 2021",34113.23,33904.89,34221.06,33904.89,"291.34M","0.70%"
"Apr 30, 2021",33874.85,33988.75,33988.75,33784.96,"376.11M","-0.54%"
"Apr 29, 2021",34060.36,33855.64,34087.21,33744.28,"409.60M","0.71%"
"Apr 28, 2021",33820.38,33860.46,33946.6,33805.56,"353.02M","-0.48%"
"Apr 27, 2021",33984.93,33932.13,34043.98,33870.46,"294.95M","0.01%"
"Apr 26, 2021",33981.57,34044.23,34148.94,33941.37,"285.41M","-0.18%"
"Apr 23, 2021",34043.49,33804.52,34157.57,33713.29,"349.67M","0.67%"
"Apr 22, 2021",33815.9,34109.88,34126.57,33717.19,"346.58M","-0.94%"
"Apr 21, 2021",34137.31,33808.3,34160.34,33773.8,"293.51M","0.93%"
"Apr 20, 2021",33821.3,34034.18,34034.18,33687.01,"354.20M","-0.75%"
"Apr 19, 2021",34077.63,34182.38,34182.38,33980.56,"315.62M","-0.36%"
"Apr 16, 2021",34200.67,34058.16,34256.75,34058.16,"348.18M","0.48%"
"Apr 15, 2021",34035.99,33788.53,34068.73,33788.53,"321.83M","0.90%"
"Apr 14, 2021",33730.89,33668.95,33911.25,33668.95,"318.67M","0.16%"
"Apr 13, 2021",33677.27,33721.16,33741.64,33545.84,"330.00M","-0.20%"
"Apr 12, 2021",33745.4,33775.06,33786.19,33665.54,"329.02M","-0.16%"
"Apr 09, 2021",33800.6,33526.19,33810.87,33526.19,"317.82M","0.89%"
"Apr 08, 2021",33503.57,33469.89,33506.8,33342.64,"306.19M","0.17%"
"Apr 07, 2021",33446.26,33444.98,33521.76,33347.96,"279.88M","0.05%"
"Apr 06, 2021",33430.24,33500.02,33544.79,33380.43,"298.31M","-0.29%"
"Apr 05, 2021",33527.19,33222.38,33617.95,33222.38,"345.15M","1.13%"
"Apr 01, 2021",33153.21,33054.58,33167.17,32985.35,"318.34M","0.52%"
"Mar 31, 2021",32981.55,33116.04,33173.77,32980.57,"418.64M","-0.26%"
"Mar 30, 2021",33066.96,33127.88,33170.93,32988.92,"309.57M","-0.31%"
"Mar 29, 2021",33171.37,33087.55,33259,32905.13,"351.61M","0.30%"
"Mar 26, 2021",33072.88,32681.07,33098.83,32681.07,"383.45M","1.39%"
"Mar 25, 2021",32619.48,32346.81,32672.69,32071.41,"413.49M","0.62%"
"Mar 24, 2021",32420.06,32470.88,32787.99,32418.15,"405.06M","-0.01%"
"Mar 23, 2021",32423.15,32691.5,32753.77,32356.28,"388.13M","-0.94%"
"Mar 22, 2021",32731.2,32601.82,32810.35,32512.53,"384.32M","0.32%"
"Mar 19, 2021",32627.97,32858.36,32858.36,32505.07,"847.02M","-0.71%"
"Mar 18, 2021",32862.3,32928.16,33227.78,32831.25,"421.02M","-0.46%"
"Mar 17, 2021",33015.37,32825.52,33047.58,32782.18,"391.81M","0.58%"
"Mar 16, 2021",32825.95,32966.75,32966.75,32778.23,"387.91M","-0.39%"
"Mar 15, 2021",32953.46,32798.84,32973.4,32629.75,"362.08M","0.53%"
"Mar 12, 2021",32778.64,32462.4,32793.32,32462.4,"348.29M","0.90%"
"Mar 11, 2021",32485.59,32354.5,32661.59,32345.7,"402.40M","0.58%"
"Mar 10, 2021",32297.02,31906.96,32389.5,31906.96,"410.23M","1.46%"
"Mar 09, 2021",31832.74,31892.35,32150.32,31822.64,"463.74M","0.10%"
"Mar 08, 2021",31802.44,31512.15,32148.04,31512.15,"499.58M","0.97%"
"Mar 05, 2021",31496.3,31029.18,31580.33,30766.81,"505.35M","1.85%"
"Mar 04, 2021",30924.14,31289.01,31461.97,30547.53,"551.23M","-1.11%"
"Mar 03, 2021",31270.09,31352.96,31563.31,31260.14,"411.61M","-0.39%"
"Mar 02, 2021",31391.52,31535.37,31623.27,31377.16,"341.28M","-0.46%"
"Mar 01, 2021",31535.51,31065.9,31668.34,31065.9,"387.58M","1.95%"
"Feb 26, 2021",30932.37,31401.29,31450.89,30911.37,"538.91M","-1.50%"
"Feb 25, 2021",31402.01,31955.94,31984.77,31293.32,"458.96M","-1.75%"
"Feb 24, 2021",31961.86,31499.75,32009.64,31421.29,"413.35M","1.35%"
"Feb 23, 2021",31537.35,31501.89,31653.38,31158.76,"461.92M","0.05%"
"Feb 22, 2021",31521.69,31381.12,31653.48,31286.57,"389.68M","0.09%"
"Feb 19, 2021",31494.32,31504.13,31647.53,31469.34,"353.07M","0.00%"
"Feb 18, 2021",31493.34,31558.6,31558.6,31285.32,"325.99M","-0.38%"
"Feb 17, 2021",31613.02,31485.61,31643.7,31338.76,"345.86M","0.29%"
"Feb 16, 2021",31522.75,31472.08,31608.63,31443.48,"336.99M","0.20%"
"Feb 12, 2021",31458.4,31420.8,31475.31,31347.8,"266.37M","0.09%"
"Feb 11, 2021",31430.7,31466.49,31543.82,31244.36,"284.68M","-0.02%"
"Feb 10, 2021",31437.8,31428.02,31511.44,31221.32,"328.39M","0.20%"
"Feb 09, 2021",31375.83,31359.88,31439.47,31245.86,"310.14M","-0.03%"
"Feb 08, 2021",31385.76,31191.2,31386.1,31191.2,"328.41M","0.76%"
"Feb 05, 2021",31148.24,31093.81,31252.18,31083.22,"295.00M","0.30%"
"Feb 04, 2021",31055.86,30737.78,31065.96,30737.78,"341.49M","1.08%"
"Feb 03, 2021",30723.6,30689.65,30793.41,30521.31,"307.31M","0.12%"
"Feb 02, 2021",30687.48,30276.88,30840.54,30276.88,"338.17M","1.57%"
"Feb 01, 2021",30211.91,30054.73,30335.91,30014.97,"350.24M","0.76%"
"Jan 29, 2021",29982.62,30553.91,30553.91,29856.3,"538.04M","-2.03%"
"Jan 28, 2021",30603.36,30377.19,30951.41,30377.19,"467.34M","0.99%"
"Jan 27, 2021",30303.17,30893.78,30893.78,30206.91,"566.47M","-2.05%"
"Jan 26, 2021",30937.04,30968.55,31121.42,30921.71,"381.87M","-0.07%"
"Jan 25, 2021",30960,30989.85,30989.85,30564.06,"477.35M","-0.12%"
"Jan 22, 2021",30996.98,31141.56,31141.56,30908.47,"436.04M","-0.57%"
"Jan 21, 2021",31176.01,31198.01,31272.22,31120.92,"423.15M","-0.04%"
"Jan 20, 2021",31188.38,31017.54,31235.98,30997.79,"384.98M","0.83%"
"Jan 19, 2021",30930.52,30887.42,31086.62,30865.03,"387.75M","0.38%"
"Jan 15, 2021",30814.26,30926.77,30941.98,30612.67,"440.02M","-0.57%"
"Jan 14, 2021",30991.52,31085.67,31223.78,30982.24,"429.70M","-0.22%"
"Jan 13, 2021",31060.47,31084.88,31153.37,30992.05,"415.14M","-0.03%"
"Jan 12, 2021",31068.69,31015.01,31114.56,30888.76,"362.87M","0.19%"
"Jan 11, 2021",31008.69,31015.37,31096.98,30832.06,"363.79M","-0.29%"
"Jan 08, 2021",31097.97,31069.58,31140.67,30793.27,"385.65M","0.18%"
"Jan 07, 2021",31041.13,30901.18,31193.4,30897.86,"430.62M","0.69%"
"Jan 06, 2021",30829.4,30362.78,31022.65,30313.07,"500.43M","1.44%"
"Jan 05, 2021",30391.6,30204.25,30504.89,30141.78,"350.91M","0.55%"
"Jan 04, 2021",30223.89,30627.47,30674.28,29881.82,"476.73M","-1.25%"
"Dec 31, 2020",30606.48,30417.64,30637.47,30344.5,"287.06M","0.65%"
"Dec 30, 2020",30409.56,30415.09,30525.35,30393.04,"296.14M","0.24%"
"Dec 29, 2020",30335.67,30492.07,30588.79,30274.24,"358.87M","-0.22%"
"Dec 28, 2020",30403.97,30283.23,30525.56,30283.23,"303.08M","0.68%"
"Dec 24, 2020",30199.87,30155.92,30209.67,30099.3,"146.44M","0.23%"
"Dec 23, 2020",30129.83,30046.73,30292.53,30046.73,"275.38M","0.38%"
"Dec 22, 2020",30015.51,30200.2,30200.2,29992.89,"392.52M","-0.67%"
"Dec 21, 2020",30216.45,30159,30304.14,29755.53,"445.69M","0.12%"
"Dec 18, 2020",30179.05,30314.26,30343.59,30029.44,"798.23M","-0.41%"
"Dec 17, 2020",30303.37,30216,30323.78,30216,"345.53M","0.49%"
"Dec 16, 2020",30154.54,30191.38,30236.03,30080.11,"349.54M","-0.15%"
"Dec 15, 2020",30199.31,29919.09,30243.26,29894.95,"419.48M","1.13%"
"Dec 14, 2020",29861.55,30123.91,30325.79,29849.15,"371.98M","-0.62%"
"Dec 11, 2020",30046.37,29988.21,30071.13,29820.84,"396.01M","0.16%"
"Dec 10, 2020",29999.26,30032.55,30063.87,29876.82,"326.93M","-0.23%"
"Dec 09, 2020",30068.81,30229.81,30319.7,29951.85,"383.74M","-0.35%"
"Dec 08, 2020",30173.88,29997.95,30246.22,29972.07,"314.83M","0.35%"
"Dec 07, 2020",30069.79,30233.03,30233.03,29967.22,"370.58M","-0.49%"
"Dec 04, 2020",30218.26,29989.56,30218.26,29989.56,"363.09M","0.83%"
"Dec 03, 2020",29969.52,29920.83,30110.88,29877.27,"408.41M","0.29%"
"Dec 02, 2020",29883.79,29695.09,29902.51,29599.29,"389.33M","0.20%"
"Dec 01, 2020",29823.92,29797.5,30083.31,29797.5,"435.44M","0.63%"
"Nov 30, 2020",29638.64,29854.51,29854.51,29463.64,"561.21M","-0.91%"
"Nov 27, 2020",29910.37,29911.33,30015.13,29819.98,"178.10M","0.13%"
"Nov 25, 2020",29872.47,30058.87,30058.87,29806.25,"324.19M","-0.58%"
"Nov 24, 2020",30046.24,29746.11,30116.51,29746.11,"436.45M","1.54%"
"Nov 23, 2020",29591.27,29332.82,29667.75,29332.82,"389.02M","1.12%"
"Nov 20, 2020",29263.48,29437.57,29469.89,29231.2,"308.74M","-0.75%"
"Nov 19, 2020",29483.23,29370.92,29524.9,29228.38,"333.16M","0.15%"
"Nov 18, 2020",29438.42,29875.4,29930.85,29432.84,"384.89M","-1.16%"
"Nov 17, 2020",29783.35,29800.15,29872.42,29520.29,"376.14M","-0.56%"
"Nov 16, 2020",29950.44,29672.36,29964.29,29672.36,"420.76M","1.60%"
"Nov 13, 2020",29479.81,29203.9,29559.25,29203.9,"348.81M","1.37%"
"Nov 12, 2020",29080.17,29231.91,29311.83,28902.13,"372.87M","-1.08%"
"Nov 11, 2020",29397.63,29524.35,29593.11,29281.22,"376.70M","-0.08%"
"Nov 10, 2020",29420.92,29254.17,29478.86,29126.99,"526.98M","0.90%"
"Nov 09, 2020",29157.97,29467.9,29933.83,29130.66,"680.57M","2.95%"
"Nov 06, 2020",28323.4,28399.13,28431.96,28189.5,"328.58M","-0.24%"
"Nov 05, 2020",28390.18,28083.37,28495.05,28083.37,"391.73M","1.95%"
"Nov 04, 2020",27847.66,27512.83,28301.5,27512.83,"449.89M","1.34%"
"Nov 03, 2020",27480.03,27138.69,27640.21,27138.69,"353.35M","2.06%"
"Nov 02, 2020",26925.05,26691.28,27043.48,26691.28,"382.27M","1.60%"
"Oct 30, 2020",26501.6,26572.27,26639.18,26143.77,"506.32M","-0.59%"
"Oct 29, 2020",26659.11,26480.98,26891.89,26290.78,"434.01M","0.52%"
"Oct 28, 2020",26519.95,27102.14,27102.14,26497.39,"499.63M","-3.43%"
"Oct 27, 2020",27463.19,27651.18,27707.69,27457.96,"372.48M","-0.80%"
"Oct 26, 2020",27685.38,28185.82,28185.82,27370.16,"407.04M","-2.29%"
"Oct 23, 2020",28335.57,28409.65,28436.52,28149.82,"350.10M","-0.10%"
"Oct 22, 2020",28363.66,28197.42,28421.31,28040.18,"334.39M","0.54%"
"Oct 21, 2020",28210.82,28270.66,28450.64,28196.39,"301.11M","-0.35%"
"Oct 20, 2020",28308.79,28245.85,28575.03,28243.04,"351.45M","0.40%"
"Oct 19, 2020",28195.42,28633.55,28711.93,28139.4,"360.92M","-1.44%"
"Oct 16, 2020",28606.31,28570.72,28842.9,28570.72,"358.95M","0.39%"
"Oct 15, 2020",28494.2,28323.4,28535.85,28181.54,"330.13M","-0.07%"
"Oct 14, 2020",28514,28731.3,28792.56,28461.73,"372.48M","-0.58%"
"Oct 13, 2020",28679.81,28764.95,28808.84,28604.35,"528.27M","-0.55%"
"Oct 12, 2020",28837.52,28671.12,28957.9,28659.67,"493.68M","0.88%"
"Oct 09, 2020",28586.9,28533.61,28676.29,28440.63,"326.48M","0.57%"
"Oct 08, 2020",28425.51,28348.86,28459.13,28265.56,"315.83M","0.43%"
"Oct 07, 2020",28303.46,27971.36,28369.66,27971.36,"330.19M","1.91%"
"Oct 06, 2020",27772.76,28214.24,28354.48,27728.03,"438.44M","-1.34%"
"Oct 05, 2020",28148.64,27825.42,28162.64,27825.42,"322.53M","1.68%"
"Oct 02, 2020",27682.81,27536.39,27861.43,27382.94,"395.82M","-0.48%"
"Oct 01, 2020",27816.9,27940.63,28041.46,27669.26,"375.65M","0.13%"
"Sep 30, 2020",27781.7,27514.64,28026.33,27511.06,"455.15M","1.20%"
"Sep 29, 2020",27452.66,27560.24,27605.6,27338.09,"306.70M","-0.48%"
"Sep 28, 2020",27584.06,27362.14,27722.6,27362.14,"405.06M","1.51%"
"Sep 25, 2020",27173.96,26694.51,27239.29,26635.38,"391.73M","1.34%"
"Sep 24, 2020",26815.44,26716.09,27094.85,26537.01,"448.78M","0.20%"
"Sep 23, 2020",26763.13,27413.6,27464.46,26716.12,"463.20M","-1.92%"
"Sep 22, 2020",27288.18,27170.34,27333.09,26989.93,"423.33M","0.52%"
"Sep 21, 2020",27147.7,27484.71,27484.71,26715.15,"523.66M","-1.84%"
"Sep 18, 2020",27657.42,27864.87,27946.69,27487.97,"703.89M","-0.88%"
"Sep 17, 2020",27901.98,27834.18,28056.79,27647.93,"439.89M","-0.47%"
"Sep 16, 2020",28032.38,28031.69,28364.77,28021.67,"416.65M","0.13%"
"Sep 15, 2020",27995.6,28139.76,28231.06,27931.45,"418.89M","0.01%"
"Sep 14, 2020",27993.33,27718.74,28086.06,27718.74,"384.09M","1.18%"
"Sep 11, 2020",27665.64,27613.86,27828.82,27448.15,"437.53M","0.48%"
"Sep 10, 2020",27534.58,28022.51,28174.78,27447.08,"447.59M","-1.45%"
"Sep 09, 2020",27940.47,27711.71,28206.21,27704.54,"467.06M","1.60%"
"Sep 08, 2020",27500.89,27925.23,27925.23,27464.9,"587.16M","-2.25%"
"Sep 04, 2020",28133.31,28341.05,28539.75,27664.68,"700.49M","-0.56%"
"Sep 03, 2020",28292.73,29090.7,29199.35,28074.76,"658.29M","-2.78%"
"Sep 02, 2020",29100.5,28736.79,29162.88,28713.53,"542.54M","1.59%"
"Sep 01, 2020",28645.66,28439.61,28659.26,28290.72,"428.66M","0.76%"
"Aug 31, 2020",28430.05,28643.66,28643.66,28363.55,"519.82M","-0.78%"
"Aug 28, 2020",28653.87,28601.29,28733.35,28487.98,"373.80M","0.57%"
"Aug 27, 2020",28492.27,28384.07,28634.22,28363.93,"405.09M","0.57%"
"Aug 26, 2020",28331.92,28257.88,28353.8,28153.91,"328.80M","0.30%"
"Aug 25, 2020",28248.44,28347.42,28400.74,28094.57,"341.13M","-0.21%"
"Aug 24, 2020",28308.46,28077.58,28314.94,28041.75,"385.44M","1.35%"
"Aug 21, 2020",27930.33,27758.13,27959.48,27686.78,"374.34M","0.69%"
"Aug 20, 2020",27739.73,27622.68,27781.46,27526.25,"306.05M","0.17%"
"Aug 19, 2020",27692.88,27811.26,27920.42,27647.67,"312.95M","-0.31%"
"Aug 18, 2020",27778.07,27853.48,27891.12,27668.79,"277.12M","-0.24%"
"Aug 17, 2020",27844.91,27970.05,27999.81,27816.4,"291.99M","-0.31%"
"Aug 14, 2020",27931.02,27828.93,27977.81,27759.39,"276.73M","0.12%"
"Aug 13, 2020",27896.72,27922.51,27986.1,27789.78,"364.41M","-0.29%"
"Aug 12, 2020",27976.84,27860.24,28043.89,27843.32,"342.07M","1.05%"
"Aug 11, 2020",27686.91,27961.64,28154.88,27624.51,"430.09M","-0.38%"
"Aug 10, 2020",27791.44,27488.21,27803.86,27488.21,"362.50M","1.30%"
"Aug 07, 2020",27433.48,27321.68,27456.24,27223.55,"324.93M","0.17%"
"Aug 06, 2020",27386.98,27170.82,27394.1,27145.25,"323.72M","0.68%"
"Aug 05, 2020",27201.52,26924.78,27221.67,26924.78,"369.98M","1.39%"
"Aug 04, 2020",26828.47,26664.61,26832.72,26597.82,"355.46M","0.62%"
"Aug 03, 2020",26664.4,26542.32,26707.26,26534.38,"439.38M","0.89%"
"Jul 31, 2020",26428.32,26409.33,26440.02,26013.59,"491.37M","0.44%"
"Jul 30, 2020",26313.65,26367.42,26374.93,25992.28,"358.29M","-0.85%"
"Jul 29, 2020",26539.57,26388.44,26602.45,26375.39,"347.58M","0.61%"
"Jul 28, 2020",26379.28,26529.45,26556.84,26361.71,"362.40M","-0.77%"
"Jul 27, 2020",26584.77,26447.67,26625.46,26426.92,"400.93M","0.43%"
"Jul 24, 2020",26469.89,26533.41,26625.7,26402.86,"497.97M","-0.68%"
"Jul 23, 2020",26652.33,26955.97,26973.85,26560.04,"426.56M","-1.31%"
"Jul 22, 2020",27005.84,26824.56,27035.24,26794.19,"410.82M","0.62%"
"Jul 21, 2020",26840.4,26833.14,27025.38,26766.22,"367.24M","0.60%"
"Jul 20, 2020",26680.87,26660.29,26765.02,26504.2,"312.07M","0.03%"
"Jul 17, 2020",26671.95,26774.62,26808.43,26619.88,"300.52M","-0.23%"
"Jul 16, 2020",26734.71,26746.57,26879.16,26590.01,"288.04M","-0.50%"
"Jul 15, 2020",26870.1,27009.81,27071.33,26692.48,"388.26M","0.85%"
"Jul 14, 2020",26642.59,26044.17,26690.52,25994.98,"407.34M","2.13%"
"Jul 13, 2020",26085.8,26225.07,26639.09,26044.23,"428.57M","0.04%"
"Jul 10, 2020",26075.3,25690.35,26101.32,25637.5,"337.36M","1.44%"
"Jul 09, 2020",25706.09,26094.92,26103.28,25523.51,"389.18M","-1.39%"
"Jul 08, 2020",26067.28,25950.06,26109.49,25816.25,"337.30M","0.68%"
"Jul 07, 2020",25890.18,26172.01,26174.93,25866.58,"349.00M","-1.51%"
"Jul 06, 2020",26287.03,25996.08,26297.53,25996.08,"342.26M","1.78%"
"Jul 02, 2020",25827.36,25936.45,26204.41,25778.12,"350.29M","0.36%"
"Jul 01, 2020",25734.97,25879.38,26019.31,25713.61,"373.98M","-0.30%"
"Jun 30, 2020",25812.88,25512.43,25905.38,25475.14,"412.69M","0.85%"
"Jun 29, 2020",25595.8,25152.45,25601.15,25096.16,"385.13M","2.32%"
"Jun 26, 2020",25015.55,25641.69,25641.69,24971.03,"676.18M","-2.84%"
"Jun 25, 2020",25745.6,25365.22,25769.61,25209.79,"388.07M","1.18%"
"Jun 24, 2020",25445.94,25992.96,25992.96,25296.73,"452.53M","-2.72%"
"Jun 23, 2020",26156.1,26159.39,26314.97,26105.97,"392.16M","0.50%"
"Jun 22, 2020",26024.96,25865.08,26059.81,25667.68,"353.01M","0.59%"
"Jun 19, 2020",25871.46,26213.1,26451.44,25759.66,"681.89M","-0.80%"
"Jun 18, 2020",26080.1,26016.45,26154.2,25848.53,"330.07M","-0.15%"
"Jun 17, 2020",26119.61,26330.52,26400.07,26068.41,"330.57M","-0.65%"
"Jun 16, 2020",26289.98,26326.68,26611.03,25811.7,"493.36M","2.04%"
"Jun 15, 2020",25763.16,25270.39,25891.58,24843.18,"463.13M","0.62%"
"Jun 12, 2020",25605.54,25659.42,25965.55,25078.41,"521.19M","1.90%"
"Jun 11, 2020",25128.17,26282.51,26294.08,25082.72,"651.47M","-6.90%"
"Jun 10, 2020",26989.99,27251.89,27355.22,26938.05,"449.99M","-1.04%"
"Jun 09, 2020",27272.3,27447.37,27447.37,27151.06,"388.25M","-1.09%"
"Jun 08, 2020",27572.44,27232.93,27580.21,27232.48,"433.34M","1.70%"
"Jun 05, 2020",27110.98,26836.8,27338.3,26836.8,"544.41M","3.15%"
"Jun 04, 2020",26281.82,26226.49,26384.1,26082.31,"375.55M","0.05%"
"Jun 03, 2020",26269.89,25906.88,26337.75,25906.88,"401.27M","2.05%"
"Jun 02, 2020",25742.65,25582.52,25743.13,25523.74,"355.24M","1.05%"
"Jun 01, 2020",25475.02,25342.99,25508.83,25220.66,"341.22M","0.36%"
"May 29, 2020",25383.11,25324.15,25482.8,25031.67,"545.14M","-0.07%"
"May 28, 2020",25400.64,25697.36,25758.79,25358.73,"378.40M","-0.58%"
"May 27, 2020",25548.27,25298.63,25551.56,25009.87,"420.36M","2.21%"
"May 26, 2020",24995.11,24781.84,25176.42,24781.84,"426.29M","2.17%"
"May 22, 2020",24465.16,24461.98,24481.64,24294.07,"255.66M","-0.04%"
"May 21, 2020",24474.12,24564.27,24718.46,24370.88,"348.84M","-0.41%"
"May 20, 2020",24575.9,24455.94,24649.48,24455.94,"371.93M","1.52%"
"May 19, 2020",24206.86,24577.48,24599.5,24202.96,"376.92M","-1.59%"
"May 18, 2020",24597.37,24059.98,24708.54,24059.98,"484.19M","3.85%"
"May 15, 2020",23685.42,23454.83,23730.08,23354.15,"495.18M","0.25%"
"May 14, 2020",23625.34,23049.06,23630.86,22789.62,"476.98M","1.62%"
"May 13, 2020",23247.97,23702.16,23708.9,23067.64,"473.32M","-2.17%"
"May 12, 2020",23764.78,24292.84,24382.09,23761.58,"361.56M","-1.89%"
"May 11, 2020",24221.99,24256.45,24366.21,24070.22,"356.51M","-0.45%"
"May 08, 2020",24331.32,24107.82,24349.9,24107.05,"337.34M","1.91%"
"May 07, 2020",23875.89,23837.21,24094.62,23834.39,"371.68M","0.89%"
"May 06, 2020",23664.64,23978.88,24054.59,23661.14,"379.91M","-0.91%"
"May 05, 2020",23883.09,23958.88,24169.72,23868.91,"374.49M","0.56%"
"May 04, 2020",23749.76,23581.55,23769.56,23361.16,"358.39M","0.11%"
"May 01, 2020",23723.69,24120.78,24120.78,23645.3,"421.59M","-2.55%"
"Apr 30, 2020",24345.72,24585.57,24585.57,24186.9,"487.84M","-1.17%"
"Apr 29, 2020",24633.86,24490.37,24764.77,24453.99,"462.48M","2.21%"
"Apr 28, 2020",24101.55,24357.17,24512.24,24031.2,"405.71M","-0.13%"
"Apr 27, 2020",24133.78,23866.15,24207.65,23840.61,"391.02M","1.51%"
"Apr 24, 2020",23775.27,23628.24,23826,23417.68,"379.31M","1.11%"
"Apr 23, 2020",23515.26,23543.09,23885.36,23483.35,"393.57M","0.17%"
"Apr 22, 2020",23475.82,23437.34,23613.1,23339.6,"356.39M","1.99%"
"Apr 21, 2020",23018.88,23365.25,23365.25,22941.88,"487.65M","-2.67%"
"Apr 20, 2020",23650.44,24095.1,24108.69,23627.19,"427.35M","-2.44%"
"Apr 17, 2020",24242.49,23817.15,24264.21,23817.15,"530.28M","2.99%"
"Apr 16, 2020",23537.68,23543.66,23598.08,23211.38,"478.62M","0.14%"
"Apr 15, 2020",23504.35,23600.72,23649.72,23233.32,"442.15M","-1.86%"
"Apr 14, 2020",23949.76,23690.57,24040.58,23683.44,"487.96M","2.39%"
"Apr 13, 2020",23390.77,23698.93,23698.93,23095.35,"396.56M","-1.39%"
"Apr 09, 2020",23719.37,23690.66,24008.99,23504.09,"568.72M","1.22%"
"Apr 08, 2020",23433.57,22893.47,23513.4,22682.99,"476.09M","3.44%"
"Apr 07, 2020",22653.86,23537.44,23617.24,22634.45,"595.87M","-0.12%"
"Apr 06, 2020",22679.99,21693.63,22783.45,21693.63,"614.20M","7.73%"
"Apr 03, 2020",21052.53,21285.93,21447.81,20863.09,"451.62M","-1.69%"
"Apr 02, 2020",21413.44,20819.46,21477.77,20735.02,"534.67M","2.24%"
"Apr 01, 2020",20943.51,21227.38,21487.24,20784.43,"508.31M","-4.44%"
"Mar 31, 2020",21917.16,22208.42,22480.37,21852.08,"573.59M","-1.84%"
"Mar 30, 2020",22327.48,21678.22,22378.09,21522.08,"546.85M","3.19%"
"Mar 27, 2020",21636.78,21898.47,22327.57,21469.27,"591.33M","-4.06%"
"Mar 26, 2020",22552.17,21468.38,22595.06,21427.1,"713.73M","6.38%"
"Mar 25, 2020",21200.55,21050.34,22019.93,20538.34,"803.31M","2.39%"
"Mar 24, 2020",20704.91,19722.19,20737.7,19649.25,"808.47M","11.37%"
"Mar 23, 2020",18591.93,19028.36,19121.01,18213.65,"801.24M","-3.04%"
"Mar 20, 2020",19173.98,20253.15,20531.26,19094.27,"872.29M","-4.55%"
"Mar 19, 2020",20087.19,19830.01,20442.63,19177.13,"795.80M","0.95%"
"Mar 18, 2020",19898.92,20188.69,20489.33,18917.46,"874.09M","-6.30%"
"Mar 17, 2020",21237.38,20487.05,21379.35,19882.26,"795.84M","5.20%"
"Mar 16, 2020",20188.52,20917.53,21768.28,20116.46,"775.91M","-12.93%"
"Mar 13, 2020",23185.62,21973.82,23189.76,21285.37,"843.08M","9.36%"
"Mar 12, 2020",21200.62,22184.71,22837.95,21154.46,"911.77M","-9.99%"
"Mar 11, 2020",23553.22,24604.63,24604.63,23328.32,"663.96M","-5.86%"
"Mar 10, 2020",25018.16,24453,25020.99,23690.34,"654.86M","4.89%"
"Mar 09, 2020",23851.02,24992.36,24992.36,23706.07,"750.43M","-7.79%"
"Mar 06, 2020",25864.78,25457.21,25994.38,25226.62,"601.01M","-0.98%"
"Mar 05, 2020",26121.28,26671.92,26671.92,25943.33,"477.37M","-3.58%"
"Mar 04, 2020",27090.86,26383.68,27102.34,26286.31,"457.59M","4.53%"
"Mar 03, 2020",25917.41,26762.47,27084.59,25706.28,"647.08M","-2.94%"
"Mar 02, 2020",26703.32,25590.51,26706.17,25391.96,"637.20M","5.09%"
"Feb 28, 2020",25409.36,25270.83,25494.24,24681.01,"922.68M","-1.39%"
"Feb 27, 2020",25766.64,26526,26775.31,25752.82,"670.37M","-4.42%"
"Feb 26, 2020",26957.59,27159.46,27542.78,26890.97,"477.57M","-0.46%"
"Feb 25, 2020",27081.36,28037.65,28149.2,26997.62,"513.27M","-3.15%"
"Feb 24, 2020",27960.8,28402.93,28402.93,27912.44,"458.71M","-3.56%"
"Feb 21, 2020",28992.41,29146.53,29146.53,28892.7,"313.44M","-0.78%"
"Feb 20, 2020",29219.98,29296.25,29368.45,28959.65,"289.07M","-0.44%"
"Feb 19, 2020",29348.03,29312.7,29409.09,29274.38,"242.65M","0.40%"
"Feb 18, 2020",29232.19,29282.78,29330.16,29116.81,"264.16M","-0.56%"
"Feb 14, 2020",29398.08,29440.47,29463.04,29283.18,"232.55M","-0.09%"
"Feb 13, 2020",29423.31,29436.03,29535.4,29345.93,"294.36M","-0.43%"
"Feb 12, 2020",29551.42,29406.75,29568.57,29406.75,"309.53M","0.94%"
"Feb 11, 2020",29276.34,29390.71,29415.39,29210.47,"281.85M","-0.00%"
"Feb 10, 2020",29276.82,28995.66,29278.07,28995.66,"257.46M","0.60%"
"Feb 07, 2020",29102.51,29286.92,29286.92,29056.98,"253.87M","-0.94%"
"Feb 06, 2020",29379.77,29388.58,29408.05,29246.93,"263.70M","0.30%"
"Feb 05, 2020",29290.85,29048.73,29308.89,29000.85,"357.54M","1.68%"
"Feb 04, 2020",28807.63,28696.74,28904.88,28696.74,"332.75M","1.44%"
"Feb 03, 2020",28399.81,28319.65,28630.39,28319.65,"315.50M","0.51%"
"Jan 31, 2020",28256.03,28813.04,28813.04,28169.53,"403.89M","-2.09%"
"Jan 30, 2020",28859.44,28640.16,28879.71,28489.76,"326.85M","0.43%"
"Jan 29, 2020",28734.45,28820.53,28944.24,28728.19,"305.93M","0.04%"
"Jan 28, 2020",28722.85,28594.28,28823.23,28575.75,"352.94M","0.66%"
"Jan 27, 2020",28535.8,28542.49,28671.79,28440.47,"337.27M","-1.57%"
"Jan 24, 2020",28989.73,29230.39,29288.79,28843.31,"380.01M","-0.58%"
"Jan 23, 2020",29160.09,29111.02,29190.47,28966.98,"307.06M","-0.09%"
"Jan 22, 2020",29186.27,29263.63,29320.2,29172.26,"283.44M","-0.03%"
"Jan 21, 2020",29196.04,29269.05,29341.21,29146.47,"320.64M","-0.52%"
"Jan 17, 2020",29348.1,29313.31,29373.62,29289.91,"336.87M","0.17%"
"Jan 16, 2020",29297.64,29131.95,29300.32,29131.95,"252.11M","0.92%"
"Jan 15, 2020",29030.22,28901.8,29127.59,28897.35,"263.43M","0.31%"
"Jan 14, 2020",28939.67,28895.5,29054.16,28872.27,"296.04M","0.11%"
"Jan 13, 2020",28907.05,28869.01,28909.91,28819.43,"263.02M","0.29%"
"Jan 10, 2020",28823.77,28977.52,29009.07,28789.1,"239.17M","-0.46%"
"Jan 09, 2020",28956.9,28851.97,28988.01,28844.31,"282.85M","0.74%"
"Jan 08, 2020",28745.09,28556.14,28866.18,28522.51,"296.43M","0.56%"
"Jan 07, 2020",28583.68,28639.18,28685.5,28565.28,"266.68M","-0.42%"
"Jan 06, 2020",28703.38,28465.5,28708.02,28418.63,"261.81M","0.24%"
"Jan 03, 2020",28634.88,28553.33,28716.31,28500.36,"239.59M","-0.81%"
"Jan 02, 2020",28868.8,28638.97,28872.8,28627.77,"254.29M","1.16%"
"Dec 31, 2019",28538.44,28414.64,28547.35,28376.49,"193.34M","0.27%"
"Dec 30, 2019",28462.14,28654.76,28664.69,28428.98,"185.07M","-0.64%"
"Dec 27, 2019",28645.26,28675.34,28701.66,28608.98,"184.93M","0.08%"
"Dec 26, 2019",28621.39,28539.46,28624.1,28535.15,"155.97M","0.37%"
"Dec 24, 2019",28515.45,28572.57,28576.8,28503.21,"95.29M","-0.13%"
"Dec 23, 2019",28551.53,28491.78,28582.49,28491.78,"233.47M","0.34%"
"Dec 20, 2019",28455.09,28608.64,28608.64,28445.6,"603.78M","0.28%"
"Dec 19, 2019",28376.96,28278.31,28381.48,28278.24,"262.57M","0.49%"
"Dec 18, 2019",28239.28,28291.44,28323.25,28239.28,"289.89M","-0.10%"
"Dec 17, 2019",28267.16,28221.75,28328.63,28220.56,"286.77M","0.11%"
"Dec 16, 2019",28235.89,28191.67,28337.49,28191.67,"286.77M","0.36%"
"Dec 13, 2019",28135.38,28123.64,28290.73,28028.32,"254.81M","0.01%"
"Dec 12, 2019",28132.05,27898.34,28224.95,27859.87,"277.74M","0.79%"
"Dec 11, 2019",27911.3,27867.31,27925.5,27801.8,"221.70M","0.11%"
"Dec 10, 2019",27881.72,27900.65,27949.02,27804,"215.81M","-0.10%"
"Dec 09, 2019",27909.6,27987.05,28010.42,27906.14,"219.07M","-0.38%"
"Dec 06, 2019",28015.06,27839.68,28035.85,27839.68,"224.83M","1.22%"
"Dec 05, 2019",27677.79,27736.05,27745.2,27562.8,"219.99M","0.10%"
"Dec 04, 2019",27649.78,27634.63,27727.45,27612.08,"218.20M","0.53%"
"Dec 03, 2019",27502.81,27501.98,27524.74,27325.13,"275.35M","-1.01%"
"Dec 02, 2019",27783.04,28109.74,28109.84,27782.35,"236.61M","-0.96%"
"Nov 29, 2019",28051.41,28103.16,28119.51,28042.53,"122.62M","-0.40%"
"Nov 27, 2019",28164,28156.47,28174.97,28075.23,"198.21M","0.15%"
"Nov 26, 2019",28121.68,28080.75,28146.02,28042.21,"329.80M","0.20%"
"Nov 25, 2019",28066.47,27917.77,28068.69,27917.77,"248.42M","0.68%"
"Nov 22, 2019",27875.62,27831.23,27898.46,27773.98,"218.58M","0.39%"
"Nov 21, 2019",27766.29,27820.28,27828.33,27708.34,"232.02M","-0.20%"
"Nov 20, 2019",27821.09,27879.55,27897.28,27675.28,"260.24M","-0.40%"
"Nov 19, 2019",27934.02,28079.76,28090.21,27894.52,"256.62M","-0.36%"
"Nov 18, 2019",28036.22,27993.22,28040.97,27969.24,"252.32M","0.11%"
"Nov 15, 2019",28004.89,27843.54,28004.89,27843.54,"288.91M","0.80%"
"Nov 14, 2019",27781.96,27757.2,27800.71,27676.97,"303.97M","-0.01%"
"Nov 13, 2019",27783.59,27622.04,27806.4,27587.2,"278.39M","0.33%"
"Nov 12, 2019",27691.49,27701.59,27770.86,27635.32,"213.67M","0.00%"
"Nov 11, 2019",27691.49,27580.66,27714.39,27517.67,"204.62M","0.04%"
"Nov 08, 2019",27681.24,27686.2,27694.95,27578.97,"222.79M","0.02%"
"Nov 07, 2019",27674.8,27590.16,27774.67,27590.16,"263.58M","0.66%"
"Nov 06, 2019",27492.56,27502.74,27526.05,27407.81,"243.19M","-0.00%"
"Nov 05, 2019",27492.63,27500.23,27560.36,27453.55,"293.96M","0.11%"
"Nov 04, 2019",27462.11,27402.06,27517.58,27402.06,"273.03M","0.42%"
"Nov 01, 2019",27347.36,27142.95,27347.43,27142.95,"272.07M","1.11%"
"Oct 31, 2019",27046.23,27188.37,27188.37,26918.29,"273.83M","-0.52%"
"Oct 30, 2019",27186.69,27110.71,27204.36,26999.64,"231.75M","0.43%"
"Oct 29, 2019",27071.42,27061.07,27165.94,27039.76,"269.61M","-0.07%"
"Oct 28, 2019",27090.72,27040.33,27167.88,27028.71,"290.77M","0.49%"
"Oct 25, 2019",26958.06,26789.61,27015.37,26765.68,"274.61M","0.57%"
"Oct 24, 2019",26805.53,26893.93,26931.78,26714.34,"259.64M","-0.11%"
"Oct 23, 2019",26833.95,26835.24,26896.89,26745,"247.68M","0.17%"
"Oct 22, 2019",26788.1,26850.43,26946.64,26782.61,"265.51M","-0.15%"
"Oct 21, 2019",26827.64,26852.67,26852.67,26747.62,"241.03M","0.21%"
"Oct 18, 2019",26770.2,27004.49,27018.25,26770.13,"293.61M","-0.95%"
"Oct 17, 2019",27025.88,27032.38,27112.16,26970.29,"225.06M","0.09%"
"Oct 16, 2019",27001.98,26972.31,27058.34,26943.29,"218.24M","-0.08%"
"Oct 15, 2019",27024.8,26811.2,27120.11,26811.2,"247.48M","0.89%"
"Oct 14, 2019",26787.36,26766.43,26874.33,26749.18,"178.62M","-0.11%"
"Oct 11, 2019",26816.59,26694.2,27013.97,26694.2,"283.53M","1.21%"
"Oct 10, 2019",26496.67,26317.35,26603.31,26314.51,"217.68M","0.57%"
"Oct 09, 2019",26346.01,26308.23,26424.31,26249.75,"191.75M","0.70%"
"Oct 08, 2019",26164.04,26276.59,26421.81,26139.8,"251.42M","-1.19%"
"Oct 07, 2019",26478.02,26502.33,26655.84,26424.54,"197.51M","-0.36%"
"Oct 04, 2019",26573.72,26271.7,26590.74,26271.7,"224.49M","1.42%"
"Oct 03, 2019",26201.04,26039.02,26205.2,25743.46,"249.02M","0.47%"
"Oct 02, 2019",26078.62,26425.86,26438.04,25974.12,"312.73M","-1.86%"
"Oct 01, 2019",26573.04,26962.54,27046.21,26562.22,"272.18M","-1.28%"
"Sep 30, 2019",26916.83,26852.33,26998.86,26852.33,"228.48M","0.36%"
"Sep 27, 2019",26820.25,26987.26,27012.54,26715.82,"217.78M","-0.26%"
"Sep 26, 2019",26891.12,27004.11,27015.07,26803.84,"230.80M","-0.30%"
"Sep 25, 2019",26970.71,26866.71,27016.56,26755.86,"237.22M","0.61%"
"Sep 24, 2019",26807.77,27034.07,27079.68,26704.96,"307.43M","-0.53%"
"Sep 23, 2019",26949.99,26851.45,27011.07,26831.34,"214.83M","0.06%"
"Sep 20, 2019",26935.07,27102.18,27194.75,26926.68,"512.57M","-0.59%"
"Sep 19, 2019",27094.79,27186.05,27272.17,27064.21,"216.44M","-0.19%"
"Sep 18, 2019",27147.08,27075.39,27161.93,26899.15,"212.86M","0.13%"
"Sep 17, 2019",27110.8,27010.12,27110.8,26984.14,"223.58M","0.13%"
"Sep 16, 2019",27076.82,27146.06,27172.87,27032.56,"220.62M","-0.52%"
"Sep 13, 2019",27219.52,27216.67,27277.55,27193.95,"255.26M","0.14%"
"Sep 12, 2019",27182.45,27197.32,27306.73,27105.01,"254.65M","0.17%"
"Sep 11, 2019",27137.04,26928.05,27137.04,26885.48,"272.59M","0.85%"
"Sep 10, 2019",26909.43,26805.83,26909.43,26717.05,"322.34M","0.28%"
"Sep 09, 2019",26835.51,26866.23,26900.83,26762.18,"273.12M","0.14%"
"Sep 06, 2019",26797.46,26790.25,26860.87,26708.39,"209.70M","0.26%"
"Sep 05, 2019",26728.15,26603.15,26836.3,26603.15,"256.67M","1.41%"
"Sep 04, 2019",26355.47,26301.99,26362.35,26244.44,"202.71M","0.91%"
"Sep 03, 2019",26118.02,26198.26,26198.26,25978.22,"223.21M","-1.08%"
"Aug 30, 2019",26403.28,26476.39,26514.62,26295.59,"219.08M","0.16%"
"Aug 29, 2019",26362.25,26249.09,26408.84,26185.71,"212.19M","1.25%"
"Aug 28, 2019",26036.1,25712.99,26041.57,25637.43,"207.07M","1.00%"
"Aug 27, 2019",25777.9,26014.46,26054.02,25721.85,"263.53M","-0.47%"
"Aug 26, 2019",25898.83,25826.05,25941.25,25716.39,"222.78M","1.05%"
"Aug 23, 2019",25628.9,26134.21,26320.29,25507.18,"364.26M","-2.37%"
"Aug 22, 2019",26252.24,26271.64,26388.78,26099.01,"222.81M","0.19%"
"Aug 21, 2019",26202.73,26145.36,26268.32,26141.77,"208.79M","0.93%"
"Aug 20, 2019",25962.44,26086.86,26160.12,25952,"238.10M","-0.66%"
"Aug 19, 2019",26135.79,26020.06,26222.32,26020.06,"252.64M","0.96%"
"Aug 16, 2019",25886.01,25678.17,25929.65,25678.17,"276.21M","1.20%"
"Aug 15, 2019",25579.39,25514.25,25639.69,25339.6,"335.80M","0.39%"
"Aug 14, 2019",25479.42,26035.08,26035.08,25471.59,"357.00M","-3.05%"
"Aug 13, 2019",26279.91,25888.88,26426.97,25833.25,"309.61M","1.44%"
"Aug 12, 2019",25907.37,26169.91,26178.95,25824.94,"200.58M","-1.45%"
"Aug 09, 2019",26287.44,26337.09,26413.36,26097.64,"241.93M","-0.34%"
"Aug 08, 2019",26378.19,26086.52,26383.61,26038.1,"283.59M","1.43%"
"Aug 07, 2019",26007.07,25814.22,26073.21,25440.39,"350.09M","-0.09%"
"Aug 06, 2019",26029.52,25810.62,26038.68,25710.87,"322.97M","1.21%"
"Aug 05, 2019",25717.74,26259.23,26259.23,25523.38,"423.37M","-2.90%"
"Aug 02, 2019",26485.01,26528.66,26570.02,26249.22,"335.72M","-0.37%"
"Aug 01, 2019",26583.42,26879.86,27175.59,26548.71,"390.49M","-1.05%"
"Jul 31, 2019",26864.27,27244.67,27281.65,26719.6,"389.00M","-1.23%"
"Jul 30, 2019",27198.02,27145.39,27224.36,27069.86,"293.25M","-0.09%"
"Jul 29, 2019",27221.35,27192.24,27275.85,27178.06,"259.32M","0.11%"
"Jul 26, 2019",27192.45,27166,27213.7,27123.25,"243.20M","0.19%"
"Jul 25, 2019",27140.98,27247.39,27298.43,27062.48,"244.02M","-0.47%"
"Jul 24, 2019",27269.97,27262.24,27291.04,27191.12,"245.88M","-0.29%"
"Jul 23, 2019",27349.19,27231.86,27368.81,27204.58,"250.80M","0.65%"
"Jul 22, 2019",27171.9,27174.18,27227.77,27088.9,"226.95M","0.07%"
"Jul 19, 2019",27154.2,27246.38,27342.96,27145.78,"287.69M","-0.25%"
"Jul 18, 2019",27222.97,27191.98,27266.81,27068.79,"218.82M","0.01%"
"Jul 17, 2019",27219.85,27320.91,27343.06,27218.38,"196.78M","-0.42%"
"Jul 16, 2019",27335.63,27349.32,27398.68,27290.24,"226.00M","-0.09%"
"Jul 15, 2019",27359.16,27364.69,27364.69,27294.17,"199.73M","0.10%"
"Jul 12, 2019",27332.03,27139.49,27333.79,27135.45,"248.39M","0.90%"
"Jul 11, 2019",27088.08,26950.16,27088.45,26916.32,"252.30M","0.85%"
"Jul 10, 2019",26860.2,26851.96,26983.45,26813.11,"207.99M","0.29%"
"Jul 09, 2019",26783.49,26725.12,26807.7,26665.57,"218.33M","-0.08%"
"Jul 08, 2019",26806.14,26835.64,26839.14,26744.87,"214.29M","-0.43%"
"Jul 05, 2019",26922.12,26867.75,26950.81,26733.33,"192.17M","-0.16%"
"Jul 03, 2019",26966,26832.32,26966,26831.44,"149.84M","0.67%"
"Jul 02, 2019",26786.68,26719.53,26787.56,26632.65,"219.27M","0.26%"
"Jul 01, 2019",26717.43,26805.86,26890.64,26616.21,"285.35M","0.44%"
"Jun 28, 2019",26599.96,26605.93,26638.35,26522.27,"499.35M","0.28%"
"Jun 27, 2019",26526.58,26523.72,26607.24,26465.32,"246.93M","-0.04%"
"Jun 26, 2019",26536.82,26599.42,26660.04,26536.33,"274.34M","-0.04%"
"Jun 25, 2019",26548.22,26731.61,26752.31,26527.66,"282.16M","-0.67%"
"Jun 24, 2019",26727.54,26727.61,26806.52,26723.37,"232.39M","0.03%"
"Jun 21, 2019",26719.13,26749.12,26907.37,26705.87,"485.56M","-0.13%"
"Jun 20, 2019",26753.17,26665.38,26798.63,26539.69,"278.17M","0.94%"
"Jun 19, 2019",26504,26490.16,26569.75,26415.05,"240.95M","0.15%"
"Jun 18, 2019",26465.54,26228.88,26527.19,26227.76,"273.49M","1.35%"
"Jun 17, 2019",26112.53,26108.53,26165.78,26049.8,"199.50M","0.09%"
"Jun 14, 2019",26089.61,26076.36,26162.28,25988.09,"208.02M","-0.07%"
"Jun 13, 2019",26106.77,26036.94,26146.91,25995.71,"213.40M","0.39%"
"Jun 12, 2019",26004.83,26040.3,26082.1,25958.66,"223.69M","-0.17%"
"Jun 11, 2019",26048.51,26180.59,26248.67,25998.87,"253.49M","-0.05%"
"Jun 10, 2019",26062.68,26090.22,26210.61,26054.31,"249.28M","0.30%"
"Jun 07, 2019",25983.94,25768.72,26072.75,25768.72,"263.01M","1.02%"
"Jun 06, 2019",25720.66,25567.45,25800.3,25518.05,"248.07M","0.71%"
"Jun 05, 2019",25539.57,25451,25544.66,25373.58,"262.66M","0.82%"
"Jun 04, 2019",25332.18,24962.82,25343.77,24962.82,"281.69M","2.06%"
"Jun 03, 2019",24819.78,24830.16,24935.21,24680.57,"328.24M","0.02%"
"May 31, 2019",24815.04,25046.31,25046.31,24809.51,"292.23M","-1.41%"
"May 30, 2019",25169.88,25139.94,25218.54,25066.75,"215.24M","0.17%"
"May 29, 2019",25126.41,25231.46,25231.46,24938.24,"298.93M","-0.87%"
"May 28, 2019",25347.77,25616.55,25717.63,25342.28,"364.85M","-0.93%"
"May 24, 2019",25585.69,25551.07,25670.81,25496.2,"201.37M","0.37%"
"May 23, 2019",25490.47,25657.99,25657.99,25328.09,"316.94M","-1.11%"
"May 22, 2019",25776.61,25818.46,25878.21,25755.11,"241.76M","-0.39%"
"May 21, 2019",25877.33,25782.34,25898.27,25779.61,"260.87M","0.77%"
"May 20, 2019",25679.9,25655.31,25751.71,25560.55,"279.56M","-0.33%"
"May 17, 2019",25764,25719.95,25948.74,25657.78,"283.76M","-0.38%"
"May 16, 2019",25862.68,25692.14,25957.63,25692.14,"320.96M","0.84%"
"May 15, 2019",25648.02,25400.13,25724.89,25341.94,"270.72M","0.45%"
"May 14, 2019",25532.05,25384.03,25688.96,25384.03,"291.57M","0.82%"
"May 13, 2019",25324.99,25568.06,25568.06,25222.51,"361.24M","-2.38%"
"May 10, 2019",25942.37,25763.72,26019.32,25469.86,"294.58M","0.44%"
"May 09, 2019",25828.36,25878.85,25884.89,25517.39,"334.76M","-0.54%"
"May 08, 2019",25967.33,25933.79,26118.1,25889.41,"276.42M","0.01%"
"May 07, 2019",25965.09,26276.9,26276.9,25789.71,"334.96M","-1.79%"
"May 06, 2019",26438.48,26160.62,26476.27,26033.95,"283.02M","-0.25%"
"May 03, 2019",26504.95,26379.14,26534.96,26370.09,"248.90M","0.75%"
"May 02, 2019",26307.79,26407.15,26454.69,26180.36,"287.61M","-0.46%"
"May 01, 2019",26430.14,26639.06,26689.39,26426.38,"303.85M","-0.61%"
"Apr 30, 2019",26592.91,26594.56,26614.04,26419.47,"340.32M","0.15%"
"Apr 29, 2019",26554.39,26559.87,26602.54,26520.75,"279.45M","0.04%"
"Apr 26, 2019",26543.33,26454.62,26543.56,26392.55,"317.29M","0.31%"
"Apr 25, 2019",26462.08,26426.37,26536.48,26310.28,"296.73M","-0.51%"
"Apr 24, 2019",26597.05,26652.56,26680.58,26582.86,"283.37M","-0.22%"
"Apr 23, 2019",26656.39,26513.83,26695.96,26503.56,"311.69M","0.55%"
"Apr 22, 2019",26511.05,26510.77,26553.05,26458.61,"232.57M","-0.18%"
"Apr 18, 2019",26559.54,26463.37,26602.42,26444.53,"332.85M","0.42%"
"Apr 17, 2019",26449.54,26468.53,26501.02,26391.86,"367.78M","-0.01%"
"Apr 16, 2019",26452.66,26482.19,26530.71,26397.19,"302.34M","0.26%"
"Apr 15, 2019",26384.77,26407.76,26424.85,26316.42,"250.62M","-0.10%"
"Apr 12, 2019",26412.3,26357.79,26436.68,26309.72,"369.91M","1.03%"
"Apr 11, 2019",26143.05,26188.21,26229.88,26062.59,"211.68M","-0.05%"
"Apr 10, 2019",26157.16,26173.71,26209.49,26101.24,"203.13M","0.03%"
"Apr 09, 2019",26150.58,26243.54,26246.34,26103.14,"244.41M","-0.72%"
"Apr 08, 2019",26341.02,26312.67,26344.65,26246.03,"229.38M","-0.32%"
"Apr 05, 2019",26424.99,26427.56,26487.57,26370.82,"229.55M","0.15%"
"Apr 04, 2019",26384.63,26213.42,26398.9,26212.78,"233.04M","0.64%"
"Apr 03, 2019",26218.13,26238.03,26282.17,26138.47,"271.98M","0.15%"
"Apr 02, 2019",26179.13,26213.55,26221.24,26122.31,"250.94M","-0.30%"
"Apr 01, 2019",26258.42,26075.1,26280.9,26071.69,"295.57M","1.27%"
"Mar 29, 2019",25928.68,25827.31,25949.32,25771.67,"300.62M","0.82%"
"Mar 28, 2019",25717.46,25693.32,25743.41,25576.69,"237.17M","0.36%"
"Mar 27, 2019",25625.59,25676.34,25758.17,25425.27,"270.34M","-0.13%"
"Mar 26, 2019",25657.73,25649.56,25796.29,25544.78,"305.11M","0.55%"
"Mar 25, 2019",25516.83,25490.72,25603.27,25372.26,"303.12M","0.06%"
"Mar 22, 2019",25502.32,25844.65,25877.01,25501.45,"386.51M","-1.77%"
"Mar 21, 2019",25962.51,25688.44,26009.9,25657.78,"335.25M","0.84%"
"Mar 20, 2019",25745.67,25867.79,25929.52,25670.63,"321.98M","-0.55%"
"Mar 19, 2019",25887.38,25987.87,26109.68,25814.92,"342.25M","-0.10%"
"Mar 18, 2019",25914.1,25801.88,25924.77,25785.66,"303.17M","0.25%"
"Mar 15, 2019",25848.87,25720.96,25927.91,25649.7,"616.91M","0.54%"
"Mar 14, 2019",25709.94,25692.31,25752.84,25621.31,"302.79M","0.03%"
"Mar 13, 2019",25702.89,25637.23,25776.49,25571.31,"331.41M","0.58%"
"Mar 12, 2019",25554.66,25600.3,25675.44,25522.17,"312.52M","-0.38%"
"Mar 11, 2019",25650.88,25208,25661.63,25208,"309.79M","0.79%"
"Mar 08, 2019",25450.24,25347.38,25466.14,25252.46,"270.50M","-0.09%"
"Mar 07, 2019",25473.23,25645.45,25645.45,25352.55,"289.14M","-0.78%"
"Mar 06, 2019",25673.46,25818.76,25837.61,25633.71,"256.25M","-0.52%"
"Mar 05, 2019",25806.63,25829.07,25877.15,25725.63,"252.26M","-0.05%"
"Mar 04, 2019",25819.65,26122.19,26155.98,25611.55,"295.51M","-0.79%"
"Mar 01, 2019",26026.32,26019.67,26143.92,25914.37,"289.89M","0.43%"
"Feb 28, 2019",25916,25984.28,26029.21,25896.56,"338.52M","-0.27%"
"Feb 27, 2019",25985.16,25995.6,26039.68,25877.24,"255.38M","-0.28%"
"Feb 26, 2019",26057.98,26051.61,26155.29,25966.01,"257.85M","-0.13%"
"Feb 25, 2019",26091.95,26126.15,26241.42,26080.66,"281.60M","0.23%"
"Feb 22, 2019",26031.81,25906.27,26052.9,25906.27,"279.76M","0.70%"
"Feb 21, 2019",25850.63,25922.41,25938.88,25762.21,"255.71M","-0.40%"
"Feb 20, 2019",25954.44,25872.26,25986.2,25846.48,"287.88M","0.24%"
"Feb 19, 2019",25891.32,25849.85,25961.44,25820.01,"280.62M","0.03%"
"Feb 15, 2019",25883.25,25564.63,25883.72,25564.63,"328.53M","1.74%"
"Feb 14, 2019",25439.39,25460.65,25558.9,25308.09,"313.01M","-0.41%"
"Feb 13, 2019",25543.27,25480.86,25625.95,25480.86,"263.33M","0.46%"
"Feb 12, 2019",25425.76,25152.03,25458.98,25152.03,"278.11M","1.49%"
"Feb 11, 2019",25053.11,25142.81,25196.75,25009.1,"241.70M","-0.21%"
"Feb 08, 2019",25106.33,25042.36,25106.39,24883.04,"248.21M","-0.25%"
"Feb 07, 2019",25169.53,25265.81,25314.26,25000.52,"295.46M","-0.87%"
"Feb 06, 2019",25390.3,25371.57,25439.04,25312.06,"247.59M","-0.08%"
"Feb 05, 2019",25411.52,25287.93,25427.32,25287.65,"310.65M","0.68%"
"Feb 04, 2019",25239.37,25062.12,25239.91,24977.67,"298.54M","0.70%"
"Feb 01, 2019",25063.89,25025.31,25193.15,24982.49,"372.09M","0.26%"
"Jan 31, 2019",24999.67,24954.48,25049.62,24842.09,"507.35M","-0.06%"
"Jan 30, 2019",25014.86,24826.52,25109.62,24790.9,"397.33M","1.77%"
"Jan 29, 2019",24579.96,24519.62,24674.87,24504.04,"330.87M","0.21%"
"Jan 28, 2019",24528.22,24596.98,24596.98,24323.94,"347.17M","-0.84%"
"Jan 25, 2019",24737.2,24687.21,24860.15,24676.75,"376.89M","0.75%"
"Jan 24, 2019",24553.24,24579.96,24626.3,24422.73,"320.17M","-0.09%"
"Jan 23, 2019",24575.62,24577.25,24700.98,24307.17,"318.60M","0.70%"
"Jan 22, 2019",24404.48,24607.76,24607.76,24244.31,"338.48M","-1.22%"
"Jan 18, 2019",24706.35,24534.19,24750.22,24459.03,"372.97M","1.38%"
"Jan 17, 2019",24370.1,24147.09,24474.46,24088.9,"288.59M","0.67%"
"Jan 16, 2019",24207.16,24139.91,24288.61,24119.72,"302.83M","0.59%"
"Jan 15, 2019",24065.59,23914.11,24099.14,23887.93,"291.57M","0.65%"
"Jan 14, 2019",23909.84,23880.53,23964.9,23765.24,"277.56M","-0.36%"
"Jan 11, 2019",23995.95,23940.01,23996.32,23798.16,"262.65M","-0.02%"
"Jan 10, 2019",24001.92,23811.11,24014.78,23703.25,"338.15M","0.51%"
"Jan 09, 2019",23879.12,23844.27,23985.45,23776.56,"324.57M","0.39%"
"Jan 08, 2019",23787.45,23680.32,23864.65,23581.45,"317.42M","1.09%"
"Jan 07, 2019",23531.35,23474.26,23687.74,23301.59,"334.20M","0.42%"
"Jan 04, 2019",23433.16,22894.92,23518.64,22894.92,"396.02M","3.29%"
"Jan 03, 2019",22686.22,23176.39,23176.39,22638.41,"424.24M","-2.83%"
"Jan 02, 2019",23346.24,23058.61,23413.47,22928.59,"321.57M","0.08%"
"Dec 31, 2018",23327.46,23153.94,23333.18,23118.3,"288.83M","1.15%"
"Dec 28, 2018",23062.4,23213.61,23381.88,22981.33,"336.51M","-0.33%"
"Dec 27, 2018",23138.82,22629.06,23138.89,22267.42,"407.94M","1.14%"
"Dec 26, 2018",22878.45,21857.73,22878.92,21712.53,"433.08M","4.98%"
"Dec 24, 2018",21792.2,22317.28,22339.87,21792.2,"308.42M","-2.91%"
"Dec 21, 2018",22445.37,22871.74,23254.59,22396.34,"900.51M","-1.81%"
"Dec 20, 2018",22859.6,23224.12,23282.2,22644.31,"576.70M","-1.99%"
"Dec 19, 2018",23323.66,23693.33,24057.34,23162.64,"503.55M","-1.49%"
"Dec 18, 2018",23675.64,23769.13,23927.77,23516.02,"408.07M","0.35%"
"Dec 17, 2018",23592.98,23986.83,24088.08,23456.88,"466.74M","-2.11%"
"Dec 14, 2018",24100.51,24408.04,24431.14,24033.79,"416.94M","-2.02%"
"Dec 13, 2018",24597.38,24575.86,24740.96,24473.29,"299.97M","0.29%"
"Dec 12, 2018",24527.27,24509.09,24828.29,24509.09,"344.33M","0.64%"
"Dec 11, 2018",24370.24,24719.91,24791.26,24221.06,"342.96M","-0.22%"
"Dec 10, 2018",24423.26,24360.95,24500.81,23881.37,"389.69M","0.14%"
"Dec 07, 2018",24388.95,24918.82,25095.62,24284.78,"398.23M","-2.24%"
"Dec 06, 2018",24947.67,24737.42,24951.01,24242.22,"471.69M","-0.32%"
"Dec 04, 2018",25027.07,25752.56,25773.12,25008.11,"418.90M","-3.10%"
"Dec 03, 2018",25826.43,25779.57,25980.21,25670.51,"388.48M","1.13%"
"Nov 30, 2018",25538.46,25307.14,25549.71,25250.97,"482.25M","0.79%"
"Nov 29, 2018",25338.84,25343.65,25479.04,25202.79,"305.11M","-0.11%"
"Nov 28, 2018",25366.43,24832.84,25368.93,24832.84,"362.16M","2.50%"
"Nov 27, 2018",24748.73,24557.02,24750.73,24416.03,"308.25M","0.44%"
"Nov 26, 2018",24640.24,24364.13,24673.29,24364.13,"306.28M","1.46%"
"Nov 23, 2018",24285.95,24336.4,24408.8,24268.74,"155.94M","-0.73%"
"Nov 21, 2018",24464.69,24541.65,24669.79,24463.28,"289.37M","-0.00%"
"Nov 20, 2018",24465.64,24618.68,24707.26,24368.98,"445.92M","-2.21%"
"Nov 19, 2018",25017.44,25392.61,25392.61,24900.98,"358.09M","-1.56%"
"Nov 16, 2018",25413.22,25242.35,25510.23,25147.8,"354.46M","0.49%"
"Nov 15, 2018",25289.27,25061.48,25354.56,24787.79,"392.75M","0.83%"
"Nov 14, 2018",25080.5,25388.08,25501.29,24935.82,"384.24M","-0.81%"
"Nov 13, 2018",25286.49,25321.21,25511.03,25193.78,"339.69M","-0.40%"
"Nov 12, 2018",25387.18,25959.33,25966.71,25340.51,"346.91M","-2.32%"
"Nov 09, 2018",25989.3,26149.11,26161.49,25882.91,"324.45M","-0.77%"
"Nov 08, 2018",26191.22,26139.59,26277.82,26081.9,"295.65M","0.04%"
"Nov 07, 2018",26180.3,25788.46,26200.14,25765.88,"361.78M","2.13%"
"Nov 06, 2018",25635.01,25452.83,25651.86,25444.9,"265.45M","0.68%"
"Nov 05, 2018",25461.7,25261.47,25507.35,25261.47,"334.74M","0.76%"
"Nov 02, 2018",25270.83,25443.6,25578.98,25078.72,"429.48M","-0.43%"
"Nov 01, 2018",25380.74,25142.08,25396.47,25108.11,"383.97M","1.06%"
"Oct 31, 2018",25115.76,25008.82,25336.55,25008.82,"448.93M","0.97%"
"Oct 30, 2018",24874.64,24482.04,24906.68,24415.69,"470.05M","1.77%"
"Oct 29, 2018",24442.92,24818.98,25040.58,24122.23,"443.85M","-0.99%"
"Oct 26, 2018",24688.31,24770.25,24916.16,24445.19,"505.31M","-1.19%"
"Oct 25, 2018",24984.55,24736.54,25104.29,24645.56,"439.67M","1.63%"
"Oct 24, 2018",24583.42,25172.88,25306.23,24533.19,"496.40M","-2.41%"
"Oct 23, 2018",25191.43,25038.46,25307.7,24768.79,"436.43M","-0.50%"
"Oct 22, 2018",25317.41,25492.14,25561.34,25236.05,"314.94M","-0.50%"
"Oct 19, 2018",25444.34,25421.09,25608.71,25350.02,"350.81M","0.26%"
"Oct 18, 2018",25379.45,25645.56,25691.46,25236.01,"328.02M","-1.27%"
"Oct 17, 2018",25706.68,25705.87,25810.09,25479.16,"298.21M","-0.36%"
"Oct 16, 2018",25798.42,25351.53,25817.68,25351.53,"305.80M","2.17%"
"Oct 15, 2018",25250.55,25332.46,25482.42,25243.88,"287.32M","-0.35%"
"Oct 12, 2018",25339.99,25407.63,25467.55,25000.83,"397.51M","1.15%"
"Oct 11, 2018",25052.83,25518.39,25683.64,24899.77,"522.88M","-2.13%"
"Oct 10, 2018",25598.74,26441.73,26441.73,25593.65,"438.20M","-3.15%"
"Oct 09, 2018",26430.57,26469.19,26539.94,26324.16,"282.56M","-0.21%"
"Oct 08, 2018",26486.78,26399.45,26529.35,26223.09,"273.02M","0.15%"
"Oct 05, 2018",26447.05,26632.77,26676.16,26301.81,"267.10M","-0.68%"
"Oct 04, 2018",26627.48,26784.08,26793.82,26471.61,"289.60M","-0.75%"
"Oct 03, 2018",26828.39,26833.47,26951.81,26789.08,"280.13M","0.20%"
"Oct 02, 2018",26773.94,26648.91,26824.78,26627.66,"258.29M","0.46%"
"Oct 01, 2018",26651.21,26598.36,26737.98,26596.05,"238.32M","0.73%"
"Sep 28, 2018",26458.31,26407.66,26515.76,26383.57,"264.03M","0.07%"
"Sep 27, 2018",26439.93,26418.27,26557.01,26379.95,"226.35M","0.21%"
"Sep 26, 2018",26385.28,26536.86,26606.09,26349.34,"262.62M","-0.40%"
"Sep 25, 2018",26492.21,26601.58,26634.85,26475.58,"234.11M","-0.26%"
"Sep 24, 2018",26562.05,26705.25,26709.94,26548.68,"254.85M","-0.68%"
"Sep 21, 2018",26743.5,26726.25,26769.16,26680.37,"657.62M","0.32%"
"Sep 20, 2018",26656.98,26519.39,26697.49,26519.39,"260.48M","0.95%"
"Sep 19, 2018",26405.76,26287.84,26464.41,26280.76,"251.33M","0.61%"
"Sep 18, 2018",26246.96,26076.21,26317.34,26076.21,"243.00M","0.71%"
"Sep 17, 2018",26062.12,26151.66,26184.47,26030.35,"230.23M","-0.35%"
"Sep 14, 2018",26154.67,26169.56,26211.11,26068.29,"228.64M","0.03%"
"Sep 13, 2018",26145.99,26083.94,26191.64,26067.08,"260.80M","0.57%"
"Sep 12, 2018",25998.92,25989.07,26145.72,25929.43,"282.77M","0.11%"
"Sep 11, 2018",25971.06,25841.14,26019.92,25754.32,"265.96M","0.44%"
"Sep 10, 2018",25857.07,25991.91,26039.96,25854.13,"252.17M","-0.23%"
"Sep 07, 2018",25916.54,25951.02,26002.99,25818.39,"281.35M","-0.31%"
"Sep 06, 2018",25995.87,25973.02,26073.68,25880.84,"262.38M","0.08%"
"Sep 05, 2018",25974.99,25919.84,26011.22,25871.04,"289.21M","0.09%"
"Sep 04, 2018",25952.48,25916.07,25971.77,25805.95,"254.60M","-0.05%"
"Aug 31, 2018",25964.82,25964.85,26028.83,25879.77,"273.44M","-0.09%"
"Aug 30, 2018",25986.92,26099.01,26104.37,25934.8,"240.44M","-0.53%"
"Aug 29, 2018",26124.57,26082.53,26167.94,26035.3,"214.96M","0.23%"
"Aug 28, 2018",26064.02,26092.7,26122.24,26037.85,"211.47M","0.06%"
"Aug 27, 2018",26049.64,25882.71,26067.57,25882.71,"220.51M","1.01%"
"Aug 24, 2018",25790.35,25688.58,25826.05,25688.58,"200.33M","0.52%"
"Aug 23, 2018",25656.98,25714.86,25762.56,25608.02,"213.27M","-0.30%"
"Aug 22, 2018",25733.6,25825.06,25836.16,25722.43,"200.48M","-0.34%"
"Aug 21, 2018",25822.29,25786.99,25888.82,25784.9,"241.62M","0.25%"
"Aug 20, 2018",25758.69,25727.7,25790.17,25716.41,"248.57M","0.35%"
"Aug 17, 2018",25669.32,25550.8,25728.16,25521.66,"284.16M","0.43%"
"Aug 16, 2018",25558.73,25294.97,25607.34,25294.97,"342.43M","1.58%"
"Aug 15, 2018",25162.41,25235.37,25235.37,24965.77,"295.81M","-0.54%"
"Aug 14, 2018",25299.92,25215.69,25339.51,25201.87,"219.21M","0.45%"
"Aug 13, 2018",25187.7,25327.19,25381.39,25153.93,"219.99M","-0.50%"
"Aug 10, 2018",25313.14,25401.19,25401.19,25222.88,"234.48M","-0.77%"
"Aug 09, 2018",25509.23,25589.79,25613.31,25492.69,"214.97M","-0.29%"
"Aug 08, 2018",25583.75,25615.72,25634.11,25557.48,"217.77M","-0.18%"
"Aug 07, 2018",25628.91,25551.65,25692.72,25551.65,"239.91M","0.50%"
"Aug 06, 2018",25502.18,25437.43,25540.02,25381.38,"238.99M","0.16%"
"Aug 03, 2018",25462.58,25360.37,25467.9,25325.17,"239.02M","0.54%"
"Aug 02, 2018",25326.16,25256.45,25360.48,25120.07,"307.70M","-0.03%"
"Aug 01, 2018",25333.82,25461.63,25488.8,25278.32,"315.88M","-0.32%"
"Jul 31, 2018",25415.19,25345.21,25490.98,25345.21,"348.70M","0.43%"
"Jul 30, 2018",25306.83,25439.32,25500.16,25287.38,"296.88M","-0.57%"
"Jul 27, 2018",25451.06,25520.52,25580.22,25370.07,"329.68M","-0.30%"
"Jul 26, 2018",25527.07,25468.55,25587.24,25463.16,"297.53M","0.44%"
"Jul 25, 2018",25414.1,25183.7,25432.87,25113.55,"273.67M","0.68%"
"Jul 24, 2018",25241.94,25092.43,25286.62,25092.43,"274.94M","0.79%"
"Jul 23, 2018",25044.29,25036.9,25081.45,24983.33,"228.82M","-0.06%"
"Jul 20, 2018",25058.12,25041.14,25124.1,24986.35,"274.08M","-0.03%"
"Jul 19, 2018",25064.5,25139.15,25154.17,25052.62,"285.76M","-0.53%"
"Jul 18, 2018",25199.29,25133.79,25215.32,25101.12,"252.87M","0.32%"
"Jul 17, 2018",25119.89,25033.92,25155.39,24989.61,"250.45M","0.22%"
"Jul 16, 2018",25064.36,25025.58,25072.41,24979.64,"231.27M","0.18%"
"Jul 13, 2018",25019.41,24926.07,25043.21,24890.06,"255.52M","0.38%"
"Jul 12, 2018",24924.89,24802.9,24939.97,24802.9,"233.15M","0.91%"
"Jul 11, 2018",24700.45,24789.48,24815.16,24663.82,"237.37M","-0.88%"
"Jul 10, 2018",24919.66,24806.97,24945.38,24806.97,"235.04M","0.58%"
"Jul 09, 2018",24776.59,24519.2,24796.52,24518.43,"240.58M","1.31%"
"Jul 06, 2018",24456.48,24352.47,24520.29,24281.47,"219.45M","0.41%"
"Jul 05, 2018",24356.74,24285.82,24372.8,24177.44,"237.67M","0.75%"
"Jul 03, 2018",24174.82,24359.39,24444.88,24150.85,"160.96M","-0.54%"
"Jul 02, 2018",24307.18,24161.53,24319.42,24077.56,"244.11M","0.15%"
"Jun 29, 2018",24271.41,24323.93,24509.52,24269.71,"329.07M","0.23%"
"Jun 28, 2018",24216.05,24064.19,24308.16,23997.21,"305.02M","0.41%"
"Jun 27, 2018",24117.59,24303.11,24569.02,24115.82,"313.79M","-0.68%"
"Jun 26, 2018",24283.11,24281.89,24384.21,24241.22,"301.13M","0.12%"
"Jun 25, 2018",24252.8,24463.73,24463.73,24084.39,"439.13M","-1.33%"
"Jun 22, 2018",24580.89,24526.97,24663.18,24526.97,"473.97M","0.49%"
"Jun 21, 2018",24461.7,24639.21,24639.21,24406.63,"349.57M","-0.80%"
"Jun 20, 2018",24657.8,24771.17,24804.76,24628.39,"359.52M","-0.17%"
"Jun 19, 2018",24700.21,24763.59,24763.59,24567.75,"376.38M","-1.15%"
"Jun 18, 2018",24987.47,24944.28,25003.1,24825.77,"337.07M","-0.41%"
"Jun 15, 2018",25090.48,25116.71,25130.82,24894.38,"659.37M","-0.34%"
"Jun 14, 2018",25175.31,25254.65,25332.5,25138.6,"341.17M","-0.10%"
"Jun 13, 2018",25201.2,25328.65,25362.07,25191.42,"329.70M","-0.47%"
"Jun 12, 2018",25320.73,25346.82,25364.37,25247.04,"265.75M","-0.01%"
"Jun 11, 2018",25322.31,25336.67,25402.83,25290.2,"276.74M","0.02%"
"Jun 08, 2018",25316.53,25209.29,25325.63,25165.7,"317.51M","0.30%"
"Jun 07, 2018",25241.41,25192.14,25326.09,25164.48,"357.68M","0.38%"
"Jun 06, 2018",25146.39,24854.14,25146.46,24854.14,"316.09M","1.40%"
"Jun 05, 2018",24799.98,24820.12,24838.78,24710.82,"306.34M","-0.06%"
"Jun 04, 2018",24813.69,24727.55,24859.37,24722.14,"340.40M","0.72%"
"Jun 01, 2018",24635.21,24542.09,24673.6,24542.09,"315.71M","0.90%"
"May 31, 2018",24415.84,24620.79,24620.79,24352.15,"429.74M","-1.02%"
"May 30, 2018",24667.78,24467.83,24714.48,24459.09,"324.87M","1.26%"
"May 29, 2018",24361.45,24606.59,24635.18,24247.84,"395.81M","-1.58%"
"May 25, 2018",24753.09,24781.29,24824.22,24687.81,"257.21M","-0.24%"
"May 24, 2018",24811.76,24877.36,24877.36,24605.9,"347.05M","-0.30%"
"May 23, 2018",24886.81,24757.71,24889.46,24667.12,"399.61M","0.21%"
"May 22, 2018",24834.41,25047.55,25064.99,24812.06,"288.20M","-0.72%"
"May 21, 2018",25013.29,24883.06,25086.49,24883.06,"308.92M","1.21%"
"May 18, 2018",24715.09,24707.72,24774.97,24664.87,"269.70M","0.00%"
"May 17, 2018",24713.98,24752.4,24839.49,24639.4,"314.65M","-0.22%"
"May 16, 2018",24768.93,24722.32,24801.19,24672.79,"280.81M","0.25%"
"May 15, 2018",24706.41,24809.55,24809.55,24629.39,"301.90M","-0.78%"
"May 14, 2018",24899.41,24879.37,24994.19,24862.52,"282.86M","0.27%"
"May 11, 2018",24831.17,24758.64,24868.65,24717.5,"274.15M","0.37%"
"May 10, 2018",24739.53,24591.66,24794.99,24575.91,"304.21M","0.80%"
"May 09, 2018",24542.54,24399.18,24586.48,24323.87,"361.58M","0.75%"
"May 08, 2018",24360.21,24341.35,24412.34,24198.34,"344.94M","0.01%"
"May 07, 2018",24357.32,24317.66,24479.45,24263.42,"307.67M","0.39%"
"May 04, 2018",24262.51,23865.22,24333.35,23778.87,"329.48M","1.39%"
"May 03, 2018",23930.15,23836.23,23996.15,23531.31,"389.24M","0.02%"
"May 02, 2018",23924.98,24097.63,24185.52,23886.3,"385.35M","-0.72%"
"May 01, 2018",24099.05,24117.29,24117.29,23808.19,"380.07M","-0.27%"
"Apr 30, 2018",24163.15,24410.41,24498.23,24163.08,"416.65M","-0.61%"
"Apr 27, 2018",24311.19,24342.14,24359.38,24194.45,"392.81M","-0.05%"
"Apr 26, 2018",24322.34,24128.72,24402.46,24128.72,"390.36M","0.99%"
"Apr 25, 2018",24083.83,24070.2,24146.34,23823.08,"437.10M","0.25%"
"Apr 24, 2018",24024.13,24579.94,24579.94,23828.73,"468.18M","-1.74%"
"Apr 23, 2018",24448.69,24488.07,24536.89,24328.54,"351.03M","-0.06%"
"Apr 20, 2018",24462.94,24657.39,24678.07,24375.04,"537.77M","-0.82%"
"Apr 19, 2018",24664.89,24711.3,24762.48,24557.03,"381.11M","-0.34%"
"Apr 18, 2018",24748.07,24820.85,24832.54,24721.09,"302.03M","-0.16%"
"Apr 17, 2018",24786.63,24681.79,24858.97,24681.79,"342.41M","0.87%"
"Apr 16, 2018",24573.04,24483.15,24675.36,24480.2,"305.07M","0.87%"
"Apr 13, 2018",24360.14,24582.82,24646.45,24243.74,"331.89M","-0.50%"
"Apr 12, 2018",24483.05,24302.82,24592.12,24302.82,"336.13M","1.21%"
"Apr 11, 2018",24189.45,24274.19,24366.57,24150.87,"286.36M","-0.90%"
"Apr 10, 2018",24408,24198.95,24511.35,24198.95,"368.59M","1.79%"
"Apr 09, 2018",23979.1,24037.52,24373.18,23954.83,"380.79M","0.19%"
"Apr 06, 2018",23932.76,24373.6,24434.4,23738.2,"395.99M","-2.34%"
"Apr 05, 2018",24505.22,24313.91,24622.26,24313.91,"347.79M","0.99%"
"Apr 04, 2018",24264.3,23654.15,24308.96,23523.16,"388.54M","0.96%"
"Apr 03, 2018",24033.36,23698.33,24044.35,23664.33,"394.13M","1.65%"
"Apr 02, 2018",23644.19,24076.6,24123.8,23344.52,"509.82M","-1.90%"
"Mar 29, 2018",24103.11,23949.18,24314.3,23928.13,"463.55M","1.07%"
"Mar 28, 2018",23848.42,23883.08,24092.47,23728.67,"530.04M","-0.04%"
"Mar 27, 2018",23857.71,24276.62,24446.22,23708.73,"524.48M","-1.43%"
"Mar 26, 2018",24202.6,23825.74,24232.3,23741.22,"479.54M","2.84%"
"Mar 23, 2018",23533.2,23995.18,24108.47,23509.06,"482.55M","-1.77%"
"Mar 22, 2018",23957.89,24526.01,24526.01,23938.74,"439.28M","-2.93%"
"Mar 21, 2018",24682.31,24723.49,24977.65,24655.4,"343.23M","-0.18%"
"Mar 20, 2018",24727.27,24650.64,24803.61,24650.64,"342.51M","0.47%"
"Mar 19, 2018",24610.91,24893.69,24893.69,24453.14,"377.99M","-1.35%"
"Mar 16, 2018",24946.51,24877.34,25031,24857.09,"654.24M","0.29%"
"Mar 15, 2018",24873.66,24837.29,25053.87,24753.29,"316.31M","0.47%"
"Mar 14, 2018",24758.12,25086.97,25130.12,24668.83,"356.83M","-1.00%"
"Mar 13, 2018",25007.03,25257.75,25376.4,24947.5,"447.88M","-0.68%"
"Mar 12, 2018",25178.61,25372.44,25449.15,25152.02,"362.58M","-0.62%"
"Mar 09, 2018",25335.74,25004.89,25336.33,25004.89,"371.57M","1.77%"
"Mar 08, 2018",24895.21,24853.41,24950.49,24703.05,"327.30M","0.38%"
"Mar 07, 2018",24801.36,24758.15,24849.68,24535.12,"394.07M","-0.33%"
"Mar 06, 2018",24884.12,24965.89,24995.24,24708.41,"331.77M","0.04%"
"Mar 05, 2018",24874.76,24471.31,24961,24387.15,"383.91M","1.37%"
"Mar 02, 2018",24538.06,24394.91,24592.46,24217.76,"437.13M","-0.29%"
"Mar 01, 2018",24608.98,25024.04,25185.35,24442.56,"506.28M","-1.68%"
"Feb 28, 2018",25029.2,25485.15,25576.15,25022.42,"451.87M","-1.50%"
"Feb 27, 2018",25410.03,25735.78,25800.35,25407.83,"438.39M","-1.16%"
"Feb 26, 2018",25709.27,25403.35,25732.8,25398.56,"473.36M","1.58%"
"Feb 23, 2018",25309.99,25050.51,25313.91,25028.73,"335.42M","1.39%"
"Feb 22, 2018",24962.48,24855.41,25156.72,24854.83,"378.90M","0.66%"
"Feb 21, 2018",24797.78,24988.06,25267.99,24792.99,"456.07M","-0.67%"
"Feb 20, 2018",24964.75,25124.91,25179.01,24884.19,"421.51M","-1.01%"
"Feb 16, 2018",25219.38,25165.94,25432.42,25149.26,"406.73M","0.08%"
"Feb 15, 2018",25200.37,25047.82,25203.95,24809.42,"416.78M","1.23%"
"Feb 14, 2018",24893.49,24535.82,24925.95,24490.36,"431.16M","1.03%"
"Feb 13, 2018",24640.45,24540.33,24705.72,24421.03,"374.41M","0.16%"
"Feb 12, 2018",24601.27,24337.76,24765.16,24290.48,"496.61M","1.70%"
"Feb 09, 2018",24190.9,23992.67,24382.14,23360.29,"735.03M","1.38%"
"Feb 08, 2018",23860.46,24902.3,24903.68,23849.23,"657.50M","-4.15%"
"Feb 07, 2018",24893.35,24892.87,25293.96,24785.44,"504.62M","-0.08%"
"Feb 06, 2018",24912.77,24085.17,24946.23,23778.74,"823.94M","2.33%"
"Feb 05, 2018",24345.75,25337.87,25520.53,23923.88,"714.45M","-4.60%"
"Feb 02, 2018",25520.96,26061.79,26061.79,25490.66,"522.88M","-2.54%"
"Feb 01, 2018",26186.71,26083.04,26306.7,26014.44,"410.62M","0.14%"
"Jan 31, 2018",26149.39,26268.17,26338.03,26050.98,"479.13M","0.28%"
"Jan 30, 2018",26076.89,26198.45,26256.99,26028.42,"448.33M","-1.37%"
"Jan 29, 2018",26439.48,26584.28,26608.9,26435.34,"421.00M","-0.67%"
"Jan 26, 2018",26616.71,26466.74,26616.71,26425.35,"477.78M","0.85%"
"Jan 25, 2018",26392.79,26313.06,26458.25,26259.72,"401.39M","0.54%"
"Jan 24, 2018",26252.12,26282.07,26392.8,26106.94,"518.79M","0.16%"
"Jan 23, 2018",26210.81,26214.87,26246.19,26143.9,"433.49M","-0.01%"
"Jan 22, 2018",26214.6,26025.32,26215.23,25974.65,"431.20M","0.55%"
"Jan 19, 2018",26071.72,25987.35,26071.72,25942.83,"585.00M","0.21%"
"Jan 18, 2018",26017.81,26149.55,26153.42,25947.32,"492.78M","-0.37%"
"Jan 17, 2018",26115.65,25910.78,26130.45,25865.02,"522.72M","1.25%"
"Jan 16, 2018",25792.86,25987.62,26086.12,25702.99,"606.52M","-0.04%"
"Jan 12, 2018",25803.19,25638.39,25810.43,25633.08,"376.39M","0.89%"
"Jan 11, 2018",25574.73,25398.6,25575.42,25396.19,"346.83M","0.81%"
"Jan 10, 2018",25369.13,25348.13,25404.92,25256.99,"341.47M","-0.07%"
"Jan 09, 2018",25385.8,25312.05,25439.78,25308.41,"333.49M","0.41%"
"Jan 08, 2018",25283,25308.4,25311.99,25235.41,"341.39M","-0.05%"
"Jan 05, 2018",25295.87,25114.92,25299.79,25112.01,"358.02M","0.88%"
"Jan 04, 2018",25075.13,24964.86,25105.96,24963.27,"403.28M","0.61%"
"Jan 03, 2018",24922.68,24850.45,24941.92,24825.55,"456.79M","0.40%"
"Jan 02, 2018",24824.01,24809.35,24864.19,24741.7,"341.13M","0.42%"
"Dec 29, 2017",24719.22,24849.63,24871.66,24719.22,"270.76M","-0.48%"
"Dec 28, 2017",24837.51,24807.21,24839.23,24797.13,"200.96M","0.26%"
"Dec 27, 2017",24774.3,24766.52,24789.52,24731.68,"225.89M","0.11%"
"Dec 26, 2017",24746.21,24715.84,24778.13,24708.42,"208.29M","-0.03%"
"Dec 22, 2017",24754.06,24764.04,24784.15,24717.51,"255.14M","-0.11%"
"Dec 21, 2017",24782.29,24778.26,24850.91,24766.27,"339.53M","0.23%"
"Dec 20, 2017",24726.65,24838.09,24852.44,24697.11,"341.79M","-0.11%"
"Dec 19, 2017",24754.75,24834.38,24850.11,24715.6,"335.33M","-0.15%"
"Dec 18, 2017",24792.2,24739.56,24876.07,24739.56,"354.88M","0.57%"
"Dec 15, 2017",24651.74,24585.71,24688.62,24584.44,"635.74M","0.58%"
"Dec 14, 2017",24508.66,24631.01,24672.48,24508.66,"314.78M","-0.31%"
"Dec 13, 2017",24585.43,24525.19,24666.02,24518.3,"325.28M","0.33%"
"Dec 12, 2017",24504.8,24452.96,24552.97,24443.83,"342.22M","0.49%"
"Dec 11, 2017",24386.03,24338.11,24389.72,24314.74,"300.58M","0.23%"
"Dec 08, 2017",24329.16,24263.26,24330.12,24225.5,"293.59M","0.49%"
"Dec 07, 2017",24211.48,24116.6,24262.88,24101.24,"319.06M","0.29%"
"Dec 06, 2017",24140.91,24157.85,24229.19,24134.49,"312.72M","-0.16%"
"Dec 05, 2017",24180.64,24335.01,24349.74,24155.28,"371.19M","-0.45%"
"Dec 04, 2017",24290.05,24424.11,24534.04,24288.19,"424.25M","0.24%"
"Dec 01, 2017",24231.59,24305.4,24322.06,23921.9,"417.91M","-0.17%"
"Nov 30, 2017",24272.35,24013.8,24327.82,24013.8,"488.20M","1.39%"
"Nov 29, 2017",23940.68,23883.26,23959.76,23872.59,"401.41M","0.44%"
"Nov 28, 2017",23836.71,23625.19,23849.61,23617.11,"319.24M","1.09%"
"Nov 27, 2017",23580.78,23552.86,23638.92,23545.02,"296.32M","0.10%"
"Nov 24, 2017",23557.99,23552.75,23599.18,23551.59,"118.61M","0.14%"
"Nov 22, 2017",23526.18,23597.24,23605.77,23507.61,"268.76M","-0.27%"
"Nov 21, 2017",23590.83,23500.15,23617.8,23500.15,"329.65M","0.69%"
"Nov 20, 2017",23430.33,23370.71,23456.88,23360.58,"315.33M","0.31%"
"Nov 17, 2017",23358.24,23433.77,23433.77,23356.01,"386.00M","-0.43%"
"Nov 16, 2017",23458.36,23365.34,23492.19,23365.34,"402.02M","0.80%"
"Nov 15, 2017",23271.28,23334.59,23344.99,23242.75,"404.30M","-0.59%"
"Nov 14, 2017",23409.47,23388.4,23414.08,23271.57,"561.33M","-0.13%"
"Nov 13, 2017",23439.7,23367.47,23461.68,23343.34,"491.26M","0.07%"
"Nov 10, 2017",23422.21,23432.71,23452.2,23392.96,"351.28M","-0.17%"
"Nov 09, 2017",23461.94,23492.09,23516.74,23310.02,"305.44M","-0.43%"
"Nov 08, 2017",23563.36,23542.6,23575,23510.56,"264.67M","0.03%"
"Nov 07, 2017",23557.23,23574.03,23602.12,23484.19,"285.08M","0.04%"
"Nov 06, 2017",23548.42,23533.96,23574.86,23520.75,"325.19M","0.04%"
"Nov 03, 2017",23539.19,23549.59,23557.06,23481.57,"312.25M","0.10%"
"Nov 02, 2017",23516.26,23463.24,23531.38,23350.98,"348.04M","0.35%"
"Nov 01, 2017",23435.01,23442.9,23517.71,23388.91,"361.26M","0.25%"
"Oct 31, 2017",23377.24,23369.22,23406.35,23334.39,"388.05M","0.12%"
"Oct 30, 2017",23348.74,23405.75,23428.75,23327.87,"436.90M","-0.36%"
"Oct 27, 2017",23434.19,23419.16,23449.4,23353.16,"518.87M","0.14%"
"Oct 26, 2017",23400.86,23380.89,23459.84,23380.89,"370.60M","0.31%"
"Oct 25, 2017",23329.46,23431.09,23451.51,23251.11,"399.56M","-0.48%"
"Oct 24, 2017",23441.76,23346.78,23485.25,23343.23,"406.85M","0.72%"
"Oct 23, 2017",23273.96,23348.95,23368.37,23273.96,"456.83M","-0.23%"
"Oct 20, 2017",23328.63,23205.18,23328.84,23201.78,"474.38M","0.71%"
"Oct 19, 2017",23163.04,23107.47,23167.24,23052.67,"350.40M","0.02%"
"Oct 18, 2017",23157.6,23087.13,23172.93,23086.75,"271.87M","0.70%"
"Oct 17, 2017",22997.44,22952.41,23002.2,22948.23,"273.09M","0.18%"
"Oct 16, 2017",22956.96,22892.92,22960.12,22887.12,"247.18M","0.37%"
"Oct 13, 2017",22871.72,22876.43,22905.33,22855.93,"259.56M","0.13%"
"Oct 12, 2017",22841.01,22854.85,22884.82,22821.13,"291.79M","-0.14%"
"Oct 11, 2017",22872.89,22827.65,22872.89,22821.66,"316.00M","0.18%"
"Oct 10, 2017",22830.68,22784.76,22850.51,22770.99,"319.27M","0.31%"
"Oct 09, 2017",22761.07,22779.73,22803.37,22739.38,"310.77M","-0.06%"
"Oct 06, 2017",22773.67,22762.03,22773.67,22730.85,"221.45M","-0.01%"
"Oct 05, 2017",22775.39,22669.08,22777.04,22655.14,"246.40M","0.50%"
"Oct 04, 2017",22661.64,22645.67,22685.94,22632.8,"235.73M","0.09%"
"Oct 03, 2017",22641.67,22564.45,22646.32,22562.9,"238.83M","0.37%"
"Oct 02, 2017",22557.6,22423.47,22559.38,22416,"268.53M","0.68%"
"Sep 29, 2017",22405.09,22358.47,22405.63,22332.96,"274.79M","0.11%"
"Sep 28, 2017",22381.2,22306.83,22394.74,22288.97,"263.01M","0.18%"
"Sep 27, 2017",22340.71,22330.93,22371.1,22254.93,"342.90M","0.25%"
"Sep 26, 2017",22284.32,22322.03,22369.35,22279.52,"285.99M","-0.05%"
"Sep 25, 2017",22296.09,22320.47,22359.88,22219.11,"332.43M","-0.24%"
"Sep 22, 2017",22349.59,22334.07,22364.31,22299.58,"297.14M","-0.04%"
"Sep 21, 2017",22359.23,22414.02,22419.51,22356.55,"287.39M","-0.24%"
"Sep 20, 2017",22412.59,22351.38,22413.26,22314.68,"334.56M","0.19%"
"Sep 19, 2017",22370.8,22349.7,22386.01,22340.71,"295.57M","0.18%"
"Sep 18, 2017",22331.35,22297.92,22355.62,22283.35,"302.74M","0.28%"
"Sep 15, 2017",22268.34,22252.44,22275.02,22214.52,"527.54M","0.29%"
"Sep 14, 2017",22203.48,22144.96,22216.44,22135.26,"297.78M","0.20%"
"Sep 13, 2017",22158.18,22103.47,22158.18,22095.79,"291.89M","0.18%"
"Sep 12, 2017",22118.86,22090.56,22134.57,22087.09,"364.58M","0.28%"
"Sep 11, 2017",22057.37,21927.79,22067.1,21927.79,"312.77M","1.19%"
"Sep 08, 2017",21797.79,21764.43,21846.63,21731.12,"289.40M","0.06%"
"Sep 07, 2017",21784.78,21820.38,21850.01,21745.71,"333.81M","-0.10%"
"Sep 06, 2017",21807.64,21815.76,21849.24,21794.07,"318.76M","0.25%"
"Sep 05, 2017",21753.31,21912.37,21921.09,21709.63,"332.84M","-1.07%"
"Sep 01, 2017",21987.56,21981.77,22038.97,21974.91,"256.24M","0.18%"
"Aug 31, 2017",21948.1,21936.01,21985.76,21910.5,"376.79M","0.25%"
"Aug 30, 2017",21892.43,21859.76,21914.26,21839.47,"242.84M","0.12%"
"Aug 29, 2017",21865.37,21718,21879.22,21673.58,"227.34M","0.26%"
"Aug 28, 2017",21808.4,21832.5,21861.49,21767.94,"218.74M","-0.02%"
"Aug 25, 2017",21813.67,21819.08,21906.86,21812.81,"217.57M","0.14%"
"Aug 24, 2017",21783.4,21839.9,21870.11,21765.82,"228.48M","-0.13%"
"Aug 23, 2017",21812.09,21850.27,21866.66,21808.39,"234.81M","-0.40%"
"Aug 22, 2017",21899.89,21739.78,21912.83,21738.13,"244.98M","0.90%"
"Aug 21, 2017",21703.75,21671.36,21718.74,21600.34,"277.88M","0.13%"
"Aug 18, 2017",21674.51,21724.88,21793.35,21641.63,"309.07M","-0.35%"
"Aug 17, 2017",21750.73,21984.74,21984.74,21750.32,"311.03M","-1.24%"
"Aug 16, 2017",22024.87,22031.93,22085.71,22002.47,"264.92M","0.12%"
"Aug 15, 2017",21998.99,22029.91,22038.92,21971.48,"269.07M","0.02%"
"Aug 14, 2017",21993.71,21945.64,22019.23,21945.64,"235.03M","0.62%"
"Aug 11, 2017",21858.32,21883.32,21911.09,21842.74,"237.79M","0.07%"
"Aug 10, 2017",21844.01,21988.2,21988.2,21843.94,"303.31M","-0.93%"
"Aug 09, 2017",22048.7,22022.34,22057.19,21996.69,"277.80M","-0.17%"
"Aug 08, 2017",22085.34,22095.14,22179.11,22057.29,"262.00M","-0.15%"
"Aug 07, 2017",22118.42,22100.2,22121.15,22081.97,"213.01M","0.12%"
"Aug 04, 2017",22092.81,22058.39,22092.81,22024.64,"253.64M","0.30%"
"Aug 03, 2017",22026.1,22007.58,22044.85,21991.32,"278.73M","0.04%"
"Aug 02, 2017",22016.24,22004.36,22036.1,21967.46,"336.82M","0.24%"
"Aug 01, 2017",21963.92,21961.42,21990.96,21940.81,"328.41M","0.33%"
"Jul 31, 2017",21891.12,21863.39,21929.8,21861.71,"307.61M","0.28%"
"Jul 28, 2017",21830.31,21787.51,21841.18,21756.12,"285.63M","0.15%"
"Jul 27, 2017",21796.55,21717.42,21798.47,21687.85,"407.32M","0.39%"
"Jul 26, 2017",21711.01,21690.38,21742.7,21683.29,"278.24M","0.45%"
"Jul 25, 2017",21613.43,21638.56,21670.62,21577.37,"304.30M","0.47%"
"Jul 24, 2017",21513.17,21577.78,21577.78,21496.13,"284.08M","-0.31%"
"Jul 21, 2017",21580.07,21591.72,21592.61,21503.78,"362.83M","-0.15%"
"Jul 20, 2017",21611.78,21641.54,21661.91,21576.96,"313.95M","-0.13%"
"Jul 19, 2017",21640.75,21569.25,21640.75,21565.84,"253.04M","0.31%"
"Jul 18, 2017",21574.73,21589.94,21589.94,21471.14,"251.11M","-0.25%"
"Jul 17, 2017",21629.72,21633.97,21661.81,21617.66,"244.78M","-0.04%"
"Jul 14, 2017",21637.74,21532.77,21681.53,21521.72,"235.59M","0.39%"
"Jul 13, 2017",21553.09,21537.19,21568.72,21512.36,"232.27M","0.10%"
"Jul 12, 2017",21532.14,21467.93,21580.79,21467.93,"267.87M","0.57%"
"Jul 11, 2017",21409.07,21410.17,21441.62,21279.3,"247.57M","0.00%"
"Jul 10, 2017",21408.52,21381.23,21446.39,21371.11,"270.34M","-0.03%"
"Jul 07, 2017",21414.34,21354.66,21425.82,21350.72,"242.24M","0.44%"
"Jul 06, 2017",21320.04,21423.93,21433.1,21305.38,"320.45M","-0.74%"
"Jul 05, 2017",21478.17,21492.83,21505.36,21404.76,"273.69M","-0.01%"
"Jul 03, 2017",21479.27,21392.3,21562.75,21391.71,"186.81M","0.61%"
"Jun 30, 2017",21349.63,21348.6,21426.12,21325.08,"313.26M","0.29%"
"Jun 29, 2017",21287.03,21487.38,21487.38,21197.08,"336.75M","-0.78%"
"Jun 28, 2017",21454.61,21372.36,21478.75,21372.36,"271.51M","0.68%"
"Jun 27, 2017",21310.66,21411.19,21440.6,21310.66,"292.17M","-0.46%"
"Jun 26, 2017",21409.55,21434.68,21506.21,21381.25,"241.88M","0.07%"
"Jun 23, 2017",21394.76,21380.92,21421.79,21333.89,"368.40M","-0.01%"
"Jun 22, 2017",21397.29,21407.98,21456.47,21394.81,"270.68M","-0.06%"
"Jun 21, 2017",21410.03,21466.39,21492.62,21390,"292.50M","-0.27%"
"Jun 20, 2017",21467.14,21521.25,21535.03,21464.24,"310.20M","-0.29%"
"Jun 19, 2017",21528.99,21444.75,21528.99,21436.08,"289.40M","0.68%"
"Jun 16, 2017",21384.28,21335.93,21384.42,21308.01,"603.26M","0.11%"
"Jun 15, 2017",21359.9,21291.69,21367.28,21261.87,"317.20M","-0.07%"
"Jun 14, 2017",21374.56,21342.71,21391.97,21294.09,"295.09M","0.22%"
"Jun 13, 2017",21328.47,21256.83,21332.77,21256.83,"323.51M","0.44%"
"Jun 12, 2017",21235.67,21259.95,21277.08,21186.15,"528.08M","-0.17%"
"Jun 09, 2017",21271.97,21208.96,21305.35,21159.45,"397.20M","0.42%"
"Jun 08, 2017",21182.53,21169.76,21265.69,21138.16,"330.33M","0.04%"
"Jun 07, 2017",21173.69,21171.57,21189.84,21113.31,"273.40M","0.18%"
"Jun 06, 2017",21136.23,21145.48,21180.47,21118.46,"283.55M","-0.23%"
"Jun 05, 2017",21184.04,21195.03,21224.41,21168.69,"269.79M","-0.10%"
"Jun 02, 2017",21206.29,21142.09,21225.04,21129.56,"329.70M","0.29%"
"Jun 01, 2017",21144.18,21030.55,21144.18,20994.22,"276.73M","0.65%"
"May 31, 2017",21008.65,21048.46,21051.7,20942.57,"371.58M","-0.10%"
"May 30, 2017",21029.47,21045.49,21063.62,21009.6,"242.81M","-0.24%"
"May 26, 2017",21080.28,21070.15,21092.82,21050.49,"208.00M","-0.01%"
"May 25, 2017",21082.95,21062.96,21112.32,21051.41,"268.97M","0.34%"
"May 24, 2017",21012.42,20949.21,21022.82,20933.58,"283.18M","0.36%"
"May 23, 2017",20937.91,20908.67,20961.14,20896.22,"244.95M","0.21%"
"May 22, 2017",20894.83,20867.77,20914.26,20860.16,"276.12M","0.43%"
"May 19, 2017",20804.84,20698.28,20857.13,20687.94,"365.18M","0.69%"
"May 18, 2017",20663.02,20579.65,20759.2,20553.45,"422.59M","0.27%"
"May 17, 2017",20606.93,20846.17,20846.17,20601.08,"423.20M","-1.78%"
"May 16, 2017",20979.75,20984.48,21033.53,20932.88,"311.58M","-0.01%"
"May 15, 2017",20981.94,20923.63,21000.83,20923.63,"313.17M","0.41%"
"May 12, 2017",20896.61,20893.19,20916.1,20869.74,"288.50M","-0.11%"
"May 11, 2017",20919.42,20925.72,20933.36,20798.9,"287.68M","-0.11%"
"May 10, 2017",20943.11,20958.49,20976.28,20884.15,"283.34M","-0.16%"
"May 09, 2017",20975.78,21022.28,21046.85,20938.04,"273.00M","-0.17%"
"May 08, 2017",21012.28,20991.26,21017.89,20971.05,"276.15M","0.03%"
"May 05, 2017",21006.94,20929.04,21006.94,20905,"260.96M","0.26%"
"May 04, 2017",20951.47,20987.83,20990.79,20847.95,"274.72M","-0.03%"
"May 03, 2017",20957.9,20915,20972.74,20874.18,"310.92M","0.04%"
"May 02, 2017",20949.89,20941.19,20960.92,20904.06,"338.81M","0.17%"
"May 01, 2017",20913.46,20962.73,20976.62,20898.38,"288.16M","-0.13%"
"Apr 28, 2017",20940.51,20987.39,20987.76,20926.75,"329.99M","-0.19%"
"Apr 27, 2017",20981.33,20991.12,21005.8,20935.8,"305.69M","0.03%"
"Apr 26, 2017",20975.09,21009.95,21070.9,20972.27,"328.55M","-0.10%"
"Apr 25, 2017",20996.12,20915.51,21026.97,20909.38,"348.18M","1.12%"
"Apr 24, 2017",20763.89,20723.59,20792.2,20723.59,"342.40M","1.05%"
"Apr 21, 2017",20547.76,20578.1,20601.4,20505.33,"369.60M","-0.15%"
"Apr 20, 2017",20578.71,20406.68,20629.78,20406.68,"312.44M","0.85%"
"Apr 19, 2017",20404.49,20503.52,20546.69,20379.55,"294.79M","-0.58%"
"Apr 18, 2017",20523.28,20561.39,20600.12,20462.28,"263.18M","-0.55%"
"Apr 17, 2017",20636.92,20484.75,20644.41,20484.75,"229.24M","0.90%"
"Apr 13, 2017",20453.25,20561.69,20612.27,20453.25,"235.81M","-0.67%"
"Apr 12, 2017",20591.86,20637.95,20642.54,20553.03,"267.67M","-0.29%"
"Apr 11, 2017",20651.3,20644.32,20660.03,20512.56,"255.12M","-0.03%"
"Apr 10, 2017",20658.02,20668.22,20750.33,20614.86,"230.48M","0.01%"
"Apr 07, 2017",20656.1,20647.81,20726.07,20606.95,"219.73M","-0.03%"
"Apr 06, 2017",20662.95,20653.77,20746.46,20612.17,"251.72M","0.07%"
"Apr 05, 2017",20648.15,20745.06,20887.5,20639.55,"284.98M","-0.20%"
"Apr 04, 2017",20689.24,20634.94,20701.29,20605.3,"237.39M","0.19%"
"Apr 03, 2017",20650.21,20665.17,20692.34,20517.82,"285.67M","-0.06%"
"Mar 31, 2017",20663.22,20700.34,20722.59,20660.68,"303.77M","-0.31%"
"Mar 30, 2017",20728.49,20662.79,20753.78,20643.6,"270.90M","0.33%"
"Mar 29, 2017",20659.32,20675.75,20684.73,20625.03,"238.32M","-0.20%"
"Mar 28, 2017",20701.5,20542.14,20735.61,20520.1,"299.67M","0.73%"
"Mar 27, 2017",20550.98,20488.35,20578.46,20412.8,"269.38M","-0.22%"
"Mar 24, 2017",20596.72,20674.45,20718.33,20529.67,"292.98M","-0.29%"
"Mar 23, 2017",20656.58,20645.07,20757.89,20618.62,"280.05M","-0.02%"
"Mar 22, 2017",20661.3,20640.42,20686.21,20578.95,"325.09M","-0.03%"
"Mar 21, 2017",20668.01,20956.33,20970.04,20653.26,"369.32M","-1.14%"
"Mar 20, 2017",20905.86,20916.27,20955.45,20885.7,"253.61M","-0.04%"
"Mar 17, 2017",20914.62,20965.37,20980.51,20911.07,"535.28M","-0.10%"
"Mar 16, 2017",20934.55,20969.27,21000.11,20893.5,"264.36M","-0.07%"
"Mar 15, 2017",20950.1,20874.78,20977.47,20859.6,"306.59M","0.54%"
"Mar 14, 2017",20837.37,20848.6,20874,20786.31,"246.82M","-0.21%"
"Mar 13, 2017",20881.48,20899.28,20926.06,20845.71,"289.26M","-0.10%"
"Mar 10, 2017",20902.98,20919.01,20940.29,20827.66,"315.43M","0.21%"
"Mar 09, 2017",20858.19,20864.32,20900.57,20777.16,"275.96M","0.01%"
"Mar 08, 2017",20855.73,20940.44,20951.44,20835.58,"296.78M","-0.33%"
"Mar 07, 2017",20924.76,20934.89,20970.54,20901.26,"274.63M","-0.14%"
"Mar 06, 2017",20954.34,20955.71,20986.43,20912.11,"266.62M","-0.24%"
"Mar 03, 2017",21005.71,21008.75,21039.96,20953.86,"254.42M","0.01%"
"Mar 02, 2017",21002.97,21128.91,21129.2,20996.61,"319.91M","-0.53%"
"Mar 01, 2017",21115.55,20957.29,21169.11,20957.29,"392.82M","1.46%"
"Feb 28, 2017",20812.24,20833.88,20841.24,20781.21,"339.21M","-0.12%"
"Feb 27, 2017",20837.44,20808.71,20851.33,20774.76,"256.54M","0.08%"
"Feb 24, 2017",20821.76,20751.91,20821.76,20733.95,"292.54M","0.05%"
"Feb 23, 2017",20810.32,20817.21,20840.7,20746.41,"302.11M","0.17%"
"Feb 22, 2017",20775.6,20715.41,20781.59,20692.39,"310.53M","0.16%"
"Feb 21, 2017",20743,20663.43,20757.64,20663.37,"336.88M","0.58%"
"Feb 17, 2017",20624.05,20564.13,20624.05,20532.61,"340.62M","0.02%"
"Feb 16, 2017",20619.77,20627.31,20639.87,20556.83,"354.12M","0.04%"
"Feb 15, 2017",20611.86,20504.27,20620.45,20496.03,"384.38M","0.52%"
"Feb 14, 2017",20504.41,20374.22,20504.41,20374.02,"356.58M","0.45%"
"Feb 13, 2017",20412.16,20338.54,20441.48,20322.95,"314.62M","0.70%"
"Feb 10, 2017",20269.37,20211.23,20298.21,20204.76,"312.23M","0.48%"
"Feb 09, 2017",20172.4,20061.73,20206.36,20061.73,"325.31M","0.59%"
"Feb 08, 2017",20054.34,20049.29,20068.28,20015.33,"280.41M","-0.18%"
"Feb 07, 2017",20090.29,20107.62,20155.35,20068.68,"279.67M","0.19%"
"Feb 06, 2017",20052.42,20025.61,20094.95,20002.81,"281.72M","-0.09%"
"Feb 03, 2017",20071.46,19964.21,20081.48,19964.21,"344.22M","0.94%"
"Feb 02, 2017",19884.91,19858.34,19922.75,19831.09,"347.22M","-0.03%"
"Feb 01, 2017",19890.94,19923.81,19967.73,19845.99,"426.67M","0.14%"
"Jan 31, 2017",19864.09,19913.16,19918.17,19784.77,"373.75M","-0.54%"
"Jan 30, 2017",19971.13,20028.62,20028.62,19870.39,"317.28M","-0.61%"
"Jan 27, 2017",20093.78,20103.36,20115.97,20072.64,"343.13M","-0.04%"
"Jan 26, 2017",20100.91,20076.25,20125.58,20067.53,"356.73M","0.16%"
"Jan 25, 2017",20068.51,19994.48,20082,19994.48,"372.24M","0.78%"
"Jan 24, 2017",19912.71,19794.68,19949.24,19786.71,"374.46M","0.57%"
"Jan 23, 2017",19799.85,19794.79,19833.98,19732.36,"326.69M","-0.14%"
"Jan 20, 2017",19827.25,19795.06,19843.94,19759.14,"435.26M","0.48%"
"Jan 19, 2017",19732.4,19813.55,19824.14,19677.94,"301.75M","-0.37%"
"Jan 18, 2017",19804.72,19822.73,19828.2,19739,"279.76M","-0.11%"
"Jan 17, 2017",19826.77,19848.82,19882.99,19775.35,"341.90M","-0.30%"
"Jan 13, 2017",19885.73,19912.54,19952.03,19849.38,"263.78M","-0.03%"
"Jan 12, 2017",19891,19926.21,19929.29,19770.47,"306.29M","-0.32%"
"Jan 11, 2017",19954.28,19887.38,19973.42,19833.16,"336.15M","0.50%"
"Jan 10, 2017",19855.53,19876.35,19957.12,19836.03,"299.41M","-0.16%"
"Jan 09, 2017",19887.38,19931.41,19943.78,19887.38,"287.51M","-0.38%"
"Jan 06, 2017",19963.8,19906.96,19999.63,19834.08,"277.70M","0.32%"
"Jan 05, 2017",19899.29,19924.56,19948.6,19811.12,"269.92M","-0.21%"
"Jan 04, 2017",19942.16,19890.94,19956.14,19878.83,"280.01M","0.30%"
"Jan 03, 2017",19881.76,19872.86,19938.53,19775.93,"339.18M","0.60%"
"Dec 30, 2016",19762.6,19833.17,19852.55,19718.67,"271.91M","-0.29%"
"Dec 29, 2016",19819.78,19835.46,19878.44,19788.94,"172.04M","-0.07%"
"Dec 28, 2016",19833.68,19964.31,19981.11,19827.31,"188.35M","-0.56%"
"Dec 27, 2016",19945.04,19943.46,19980.24,19939.8,"158.54M","0.06%"
"Dec 23, 2016",19933.81,19908.61,19934.15,19899.06,"158.26M","0.07%"
"Dec 22, 2016",19918.88,19922.68,19933.83,19882.19,"258.29M","-0.12%"
"Dec 21, 2016",19941.96,19968.97,19986.56,19941.96,"256.64M","-0.16%"
"Dec 20, 2016",19974.62,19920.59,19987.63,19920.42,"284.08M","0.46%"
"Dec 19, 2016",19883.06,19836.66,19917.78,19832.95,"302.31M","0.20%"
"Dec 16, 2016",19843.41,19909.01,19923.17,19821,"573.47M","-0.04%"
"Dec 15, 2016",19852.24,19811.5,19951.29,19811.5,"357.35M","0.30%"
"Dec 14, 2016",19792.53,19876.13,19966.43,19748.67,"408.43M","-0.60%"
"Dec 13, 2016",19911.21,19852.21,19953.75,19846.45,"388.42M","0.58%"
"Dec 12, 2016",19796.43,19770.2,19824.59,19747.74,"333.66M","0.20%"
"Dec 09, 2016",19756.85,19631.35,19757.74,19623.19,"334.47M","0.72%"
"Dec 08, 2016",19614.81,19559.94,19664.97,19527.83,"324.57M","0.33%"
"Dec 07, 2016",19549.62,19241.99,19558.42,19229.83,"385.20M","1.55%"
"Dec 06, 2016",19251.78,19219.91,19255.89,19184.74,"284.96M","0.18%"
"Dec 05, 2016",19216.24,19244.35,19274.85,19186.73,"317.80M","0.24%"
