"Date","Open","High","Low","Close","Adj.Close","Volume"
"2019-01-02",14163.900391,14400.299805,14112.799805,14347.200195,14347.200195,27031980000
"2019-01-03",14294.099609,14297.900391,14155.299805,14212.799805,14212.799805,21158720000
"2019-01-04",14351.599609,14438.599609,14314.799805,14426.599609,14426.599609,23123720000
"2019-01-07",14471,14515.099609,14383.099609,14504.099609,14504.099609,25783200000
"2019-01-08",14610.5,14645.599609,14533.900391,14605.200195,14605.200195,26010090000
"2019-01-09",14668.5,14811.099609,14644.099609,14804.700195,14804.700195,26909310000
"2019-01-10",14770.700195,14921.099609,14702.299805,14903.5,14903.5,26298400000
"2019-01-11",14874.200195,14956.200195,14855.200195,14939.200195,14939.200195,24929950000
"2019-01-14",14881,14997.900391,14881,14975.5,14975.5,22899450000
"2019-01-15",15002,15079.799805,14966.5,15046.299805,15046.299805,24130060000
"2019-01-16",15072.299805,15118.299805,15057,15111.299805,15111.299805,24881680000
"2019-01-17",15077.099609,15238.099609,15066.5,15211.200195,15211.200195,25729850000
"2019-01-18",15295,15325.599609,15258.900391,15303.799805,15303.799805,29370220000
"2019-01-21",15300.400391,15354.200195,15263,15354.200195,15354.200195,9256250000
"2019-01-22",15276.299805,15285.200195,15160.5,15233.799805,15233.799805,22836330000
"2019-01-23",15275.700195,15293.299805,15141.5,15208.299805,15208.299805,21017450000
"2019-01-24",15201.5,15281.299805,15194.299805,15280.799805,15280.799805,20607530000
"2019-01-25",15350.200195,15388,15298.400391,15366.099609,15366.099609,21601440000
"2019-01-28",15289.099609,15378.599609,15276.900391,15378.599609,15378.599609,22601030000
"2019-01-29",15414.700195,15497.400391,15413.900391,15463.099609,15463.099609,23336480000
"2019-01-30",15493.400391,15520.900391,15418.599609,15484.599609,15484.599609,23382550000
"2019-01-31",15507.400391,15564.599609,15486.5,15540.599609,15540.599609,28642220000
"2019-02-01",15562.299805,15569,15483.400391,15506.299805,15506.299805,22477730000
"2019-02-04",15527.400391,15606.299805,15513.700195,15602.299805,15602.299805,24528440000
"2019-02-05",15631.799805,15702.700195,15627.799805,15702.700195,15702.700195,21773250000
"2019-02-06",15679.900391,15745.400391,15668.599609,15712.299805,15712.299805,21813670000
"2019-02-07",15697.599609,15726.5,15588.700195,15703.400391,15703.400391,25378530000
"2019-02-08",15648.299805,15659.799805,15567.799805,15633.299805,15633.299805,21187780000
"2019-02-11",15660.5,15660.5,15545.900391,15568.900391,15568.900391,19301240000
"2019-02-12",15613.099609,15654.799805,15583.400391,15642.099609,15642.099609,24855880000
"2019-02-13",15679.200195,15689.700195,15623.700195,15626.700195,15626.700195,23682350000
"2019-02-14",15622.299805,15733.099609,15608.200195,15696,15696,30583380000
"2019-02-15",15770,15866.599609,15763.400391,15838.200195,15838.200195,25571730000
"2019-02-19",15856.900391,15953.900391,15831.900391,15937.400391,15937.400391,33623080000
"2019-02-20",15942.900391,16036.900391,15942.900391,16031.200195,16031.200195,26832850000
"2019-02-21",16001.900391,16030.700195,15979.700195,16000.900391,16000.900391,29852970000
"2019-02-22",16038.400391,16071,15997.400391,16013,16013,22285880000
"2019-02-25",16051,16099.900391,16051,16057,16057,21923440000
"2019-02-26",16051,16115.799805,16051,16067.900391,16067.900391,26631850000
"2019-02-27",16043.799805,16077.599609,15990.299805,16074.299805,16074.299805,22635430000
"2019-02-28",16054.799805,16067,15975.099609,15999,15999,30460290000
"2019-03-01",16086.299805,16122.099609,16058.099609,16068.299805,16068.299805,24300350000
"2019-03-04",16088.599609,16093.5,15955,16038.099609,16038.099609,28635800000
"2019-03-05",16077.299805,16105.299805,16068.599609,16086.5,16086.5,25650400000
"2019-03-06",16098.700195,16145.799805,16077.599609,16092.099609,16092.099609,27253180000
"2019-03-07",16079,16085.400391,15981.799805,16056.5,16056.5,27171920000
"2019-03-08",15958.099609,16000.799805,15891.900391,15996.200195,15996.200195,25541290000
"2019-03-11",16028.099609,16131.900391,16028.099609,16106.200195,16106.200195,25034230000
"2019-03-12",16142.599609,16149,16099.599609,16136.700195,16136.700195,22911150000
"2019-03-13",16193.099609,16212.599609,16143.5,16150,16150,27109130000
"2019-03-14",16139.400391,16144.5,16083.099609,16087.599609,16087.599609,19659880000
"2019-03-15",16156.700195,16174.5,16123.799805,16140.400391,16140.400391,63553920000
"2019-03-18",16149.099609,16251.400391,16148.299805,16251.400391,16251.400391,23136910000
"2019-03-19",16275.299805,16275.299805,16188.099609,16188.099609,16188.099609,25095850000
"2019-03-20",16168.200195,16214.700195,16118,16167.599609,16167.599609,26172300000
"2019-03-21",16148.799805,16266.5,16146.400391,16244.599609,16244.599609,25494550000
"2019-03-22",16172.900391,16185.400391,16043.900391,16089.299805,16089.299805,32552090000
"2019-03-25",16066.299805,16113.200195,16021,16065.900391,16065.900391,23439810000
"2019-03-26",16138.900391,16192.200195,16116.700195,16155.200195,16155.200195,24253040000
"2019-03-27",16147.400391,16187.400391,16079.099609,16132.5,16132.5,24463190000
"2019-03-28",16094.099609,16173.200195,16094.099609,16155.5,16155.5,22324890000
"2019-03-29",16200.299805,16212.700195,16081.099609,16102.099609,16102.099609,22795580000
"2019-04-01",16187.900391,16228.099609,16153.599609,16228.099609,16228.099609,23322570000
"2019-04-02",16240.400391,16263.900391,16194.900391,16263.900391,16263.900391,17827790000
"2019-04-03",16296,16338,16244.5,16279.900391,16279.900391,22415460000
"2019-04-04",16290,16311.599609,16249.900391,16311.599609,16311.599609,18991770000
"2019-04-05",16337.900391,16396.199219,16330.200195,16396.199219,16396.199219,17061800000
"2019-04-08",16373.099609,16407.300781,16326.700195,16407.300781,16407.300781,20757390000
"2019-04-09",16340.599609,16345.900391,16294.299805,16336.5,16336.5,17513690000
"2019-04-10",16369,16409.800781,16368,16396.300781,16396.300781,21354750000
"2019-04-11",16412.800781,16471.800781,16399.5,16399.5,16399.5,23007660000
"2019-04-12",16473.900391,16487.099609,16437.300781,16480.5,16480.5,19585140000
"2019-04-15",16459.900391,16532.699219,16443.300781,16515.5,16515.5,19488400000
"2019-04-16",16537.699219,16553.400391,16498.599609,16502.199219,16502.199219,20247690000
"2019-04-17",16535.900391,16553.400391,16495.699219,16544.199219,16544.199219,33337730000
"2019-04-18",16558.5,16615.099609,16557.5,16612.800781,16612.800781,19572970000
"2019-04-22",16607.199219,16616.300781,16552.800781,16577.300781,16577.300781,16994270000
"2019-04-23",16591.599609,16672.699219,16581.099609,16669.400391,16669.400391,22170850000
"2019-04-24",16642.099609,16666,16572.099609,16586.5,16586.5,21295920000
"2019-04-25",16567.199219,16593.199219,16527.900391,16576.099609,16576.099609,27877500000
"2019-04-26",16554.300781,16615.199219,16515.5,16613.5,16613.5,28265940000
"2019-04-29",16612.099609,16642.099609,16589.800781,16600.400391,16600.400391,18094480000
"2019-04-30",16582.699219,16618.800781,16544.599609,16580.699219,16580.699219,20732420000
"2019-05-01",16580.599609,16604.900391,16493.800781,16502.800781,16502.800781,22086060000
"2019-05-02",16485,16492.900391,16402.199219,16410.900391,16410.900391,25549530000
"2019-05-03",16467.699219,16496.599609,16430,16494.400391,16494.400391,20215710000
"2019-05-06",16332.799805,16493.5,16327.099609,16493.5,16493.5,19720400000
"2019-05-07",16378,16408.5,16317.900391,16357.799805,16357.799805,24884200000
"2019-05-08",16349.099609,16451.400391,16347.200195,16397.400391,16397.400391,21359660000
"2019-05-09",16342.099609,16379,16258.900391,16321.799805,16321.799805,22436830000
"2019-05-10",16278.299805,16351.700195,16139,16297.599609,16297.599609,23358050000
"2019-05-13",16158.200195,16199.900391,16111.299805,16193.400391,16193.400391,23264380000
"2019-05-14",16227.400391,16320.900391,16206.200195,16284.5,16284.5,20537630000
"2019-05-15",16237.799805,16341.299805,16229.700195,16318.099609,16318.099609,20355640000
"2019-05-16",16361.099609,16461.900391,16349.700195,16443.900391,16443.900391,20725070000
"2019-05-17",16383.5,16456.099609,16376.799805,16401.800781,16401.800781,18248910000
"2019-05-21",16383.299805,16426.5,16354.299805,16426.5,16426.5,21895170000
"2019-05-22",16345.799805,16355.099609,16308.799805,16327.400391,16327.400391,19746430000
"2019-05-23",16228.5,16228.5,16105.5,16164.599609,16164.599609,24374220000
"2019-05-24",16221.700195,16251.5,16181.599609,16230,16230,19218850000
"2019-05-27",16241.400391,16346.700195,16238.299805,16346.700195,16346.700195,7331560000
"2019-05-28",16326.900391,16355.5,16266.299805,16297.5,16297.5,39619670000
"2019-05-29",16196,16215.299805,16105,16131.5,16131.5,20679530000
"2019-05-30",16144.900391,16151.599609,16062.5,16089.200195,16089.200195,17120330000
"2019-05-31",15997.700195,16047.400391,15963.299805,16037.5,16037.5,22473020000
"2019-06-03",16053.5,16105.900391,15960.900391,16015.900391,16015.900391,22371880000
"2019-06-04",16075.599609,16166.200195,16027.299805,16166.200195,16166.200195,21111580000
"2019-06-05",16219.5,16224.799805,16128.599609,16212.700195,16212.700195,23059650000
"2019-06-06",16237.400391,16241.599609,16175.099609,16227.799805,16227.799805,16479040000
"2019-06-07",16237.299805,16277.400391,16220.700195,16231,16231,17106630000
"2019-06-10",16234.400391,16262.200195,16201.599609,16216.299805,16216.299805,17257160000
"2019-06-11",16290.099609,16302,16228.200195,16248.799805,16248.799805,17884510000
"2019-06-12",16201.700195,16253.299805,16199.900391,16227.200195,16227.200195,19086430000
"2019-06-13",16261.099609,16267.099609,16213.299805,16239.299805,16239.299805,18428990000
"2019-06-14",16228.099609,16325.400391,16190.900391,16301.900391,16301.900391,17025410000
"2019-06-17",16301.700195,16360.099609,16286.5,16353.5,16353.5,18523820000
"2019-06-18",16451.5,16527.300781,16448.800781,16503.400391,16503.400391,21895300000
"2019-06-19",16515.400391,16529.599609,16492.300781,16511.800781,16511.800781,19008810000
"2019-06-20",16585.900391,16603.900391,16548.400391,16574.800781,16574.800781,23506020000
"2019-06-21",16558.900391,16558.900391,16508.400391,16525.400391,16525.400391,49393900000
"2019-06-24",16527.099609,16547.800781,16506.800781,16523.5,16523.5,19817710000
"2019-06-25",16504.599609,16514.800781,16371.299805,16371.299805,16371.299805,20715860000
"2019-06-26",16393.900391,16393.900391,16302.400391,16312.200195,16312.200195,21105180000
"2019-06-27",16306.700195,16319.599609,16268.200195,16307.700195,16307.700195,17747230000
"2019-06-28",16328.700195,16382.200195,16302.599609,16382.200195,16382.200195,20798050000
"2019-07-02",16463.599609,16472.599609,16381.700195,16471.300781,16471.300781,17823830000
"2019-07-03",16486.699219,16580.599609,16480.400391,16576.199219,16576.199219,14399390000
"2019-07-04",16570.300781,16598.300781,16557.900391,16588.900391,16588.900391,5663740000
"2019-07-05",16529.400391,16547,16469.900391,16542,16542,13377410000
"2019-07-08",16473.300781,16495.300781,16458.5,16463,16463,17237810000
"2019-07-09",16436.699219,16545.199219,16421.699219,16545.199219,16545.199219,15972790000
"2019-07-10",16582,16641.800781,16527.099609,16563.300781,16563.300781,18875120000
"2019-07-11",16563.900391,16568.099609,16525.099609,16527.900391,16527.900391,19058470000
"2019-07-12",16526,16528.400391,16476.400391,16488.099609,16488.099609,16058750000
"2019-07-15",16505.599609,16524.5,16474.900391,16510.800781,16510.800781,14778920000
"2019-07-16",16487,16522,16467.099609,16502.400391,16502.400391,17847290000
"2019-07-17",16509.099609,16534.900391,16469,16484.199219,16484.199219,16561290000
"2019-07-18",16464.900391,16514.5,16445.099609,16494.199219,16494.199219,20371780000
"2019-07-19",16536.900391,16573.699219,16485.5,16485.900391,16485.900391,16430280000
"2019-07-22",16504.900391,16530.300781,16500.900391,16518.900391,16518.900391,13854610000
"2019-07-23",16582.5,16590,16530.199219,16572.699219,16572.699219,14883030000
"2019-07-24",16536.099609,16623.900391,16530.900391,16611.800781,16611.800781,17177880000
"2019-07-25",16613.099609,16613.099609,16458.400391,16488.199219,16488.199219,20950650000
"2019-07-26",16532.800781,16556.5,16521.900391,16531,16531,16719290000
"2019-07-29",16549.400391,16549.400391,16476.300781,16492.199219,16492.199219,18484090000
"2019-07-30",16433.5,16473.900391,16418.5,16466.099609,16466.099609,18141780000
"2019-07-31",16447.300781,16470.5,16282.099609,16406.599609,16406.599609,26548070000
"2019-08-01",16389.199219,16505.900391,16362.200195,16377,16377,30439330000
"2019-08-02",16368.599609,16389.5,16206.400391,16271.700195,16271.700195,24010850000
"2019-08-06",16111,16188.200195,15994.299805,16149.5,16149.5,31736680000
"2019-08-07",16092.700195,16285.900391,16064.299805,16265.200195,16265.200195,27976410000
"2019-08-08",16304.700195,16420.699219,16292.599609,16404.5,16404.5,23099790000
"2019-08-09",16372,16423.199219,16305.599609,16341.299805,16341.299805,21069400000
"2019-08-12",16325.599609,16334.299805,16209.400391,16237.799805,16237.799805,19394460000
"2019-08-13",16235.299805,16375,16232.700195,16350.799805,16350.799805,22750660000
"2019-08-14",16212.5,16260.200195,16022.5,16045.900391,16045.900391,23543810000
"2019-08-15",16026.700195,16066.599609,15964.400391,16012.5,16012.5,20238600000
"2019-08-16",16064.400391,16162.400391,16053.5,16149.799805,16149.799805,0
"2019-08-19",16218.299805,16321.299805,16206.599609,16304.099609,16304.099609,0
"2019-08-20",16281.400391,16281.400391,16198.900391,16213.299805,16213.299805,16528120000
"2019-08-21",16247.5,16309.200195,16240.299805,16309.200195,16309.200195,17909370000
"2019-08-22",16314,16335.099609,16238.400391,16253.5,16253.5,14575650000
"2019-08-23",16214.799805,16301.599609,16003.099609,16037.599609,16037.599609,22739220000
"2019-08-26",16133.599609,16167.5,16069.900391,16098.799805,16098.799805,16794290000
"2019-08-27",16138.5,16193.299805,16125.200195,16183.599609,16183.599609,23215630000
"2019-08-28",16178.700195,16294.099609,16166.299805,16271.700195,16271.700195,18241760000
"2019-08-29",16360.299805,16407.300781,16342.700195,16384.5,16384.5,18311220000
"2019-08-30",16431.800781,16456.5,16377.700195,16442.099609,16442.099609,17898720000
"2019-09-03",16382.5,16434.199219,16328.400391,16399.199219,16399.199219,22331690000
"2019-09-04",16487,16550,16435.300781,16448.800781,16448.800781,20134600000
"2019-09-05",16498.5,16604.400391,16492.199219,16574.800781,16574.800781,23640650000
"2019-09-06",16546.199219,16577.699219,16519.900391,16535.300781,16535.300781,18544370000
"2019-09-09",16565.199219,16566.699219,16463.300781,16495.099609,16495.099609,21689410000
"2019-09-10",16467.300781,16537.300781,16459.400391,16537.300781,16537.300781,23845580000
"2019-09-11",16565.199219,16623,16548.900391,16611.099609,16611.099609,21870700000
"2019-09-12",16624.099609,16696.400391,16592.400391,16643.300781,16643.300781,26793440000
"2019-09-13",16679.800781,16756.099609,16679.800781,16682.400391,16682.400391,22191990000
"2019-09-16",16706.300781,16767.199219,16698.300781,16751.300781,16751.300781,30759260000
"2019-09-17",16738.300781,16855.5,16727.199219,16834.800781,16834.800781,24710200000
"2019-09-18",16824.5,16851.5,16731.099609,16800.300781,16800.300781,23211490000
"2019-09-19",16829.599609,16913.5,16829.599609,16858.400391,16858.400391,20932590000
"2019-09-20",16896.800781,16947.199219,16864.199219,16899.699219,16899.699219,50113020000
"2019-09-23",16870.099609,16892.5,16846.400391,16867.199219,16867.199219,16855270000
"2019-09-24",16877.400391,16917.599609,16772.400391,16798.300781,16798.300781,20730850000
"2019-09-25",16771,16800.900391,16725.800781,16784.300781,16784.300781,19746400000
"2019-09-26",16788.099609,16800.699219,16749.900391,16790.400391,16790.400391,20456240000
"2019-09-27",16769.400391,16769.400391,16656.400391,16694.300781,16694.300781,19646170000
"2019-09-30",16666.699219,16730.5,16658.599609,16658.599609,16658.599609,20079180000
"2019-10-01",16683.599609,16707.5,16429.599609,16447.699219,16447.699219,22519570000
"2019-10-02",16401.800781,16417,16223.599609,16311,16311,21820010000
"2019-10-03",16285.400391,16369.599609,16198.099609,16369,16369,23788310000
"2019-10-04",16386.900391,16453.199219,16362,16449.400391,16449.400391,18348500000
"2019-10-07",16420.699219,16474.699219,16394.5,16421.800781,16421.800781,15583330000
"2019-10-08",16366.5,16372.700195,16274.700195,16294,16294,19843220000
"2019-10-09",16347.299805,16409.099609,16308.700195,16379.900391,16379.900391,16838930000
"2019-10-10",16375.400391,16444.400391,16358.099609,16422.699219,16422.699219,18601460000
"2019-10-11",16487.199219,16516.699219,16413.400391,16415.199219,16415.199219,20074660000
"2019-10-15",16433.699219,16510.699219,16417.800781,16418.400391,16418.400391,21233300000
"2019-10-16",16435.099609,16445.599609,16408.699219,16427.199219,16427.199219,16596830000
"2019-10-17",16450.5,16468.800781,16400.5,16426.300781,16426.300781,16839770000
"2019-10-18",16452.699219,16462.099609,16376.599609,16377.099609,16377.099609,16641740000
"2019-10-21",16421,16443.300781,16412.099609,16418.5,16418.5,15510570000
"2019-10-22",16470.300781,16484.800781,16391.5,16391.5,16391.5,17197950000
"2019-10-23",16386.099609,16395.900391,16309.200195,16335.900391,16335.900391,18190670000
"2019-10-24",16380.799805,16412.099609,16332.5,16369.299805,16369.299805,16715910000
"2019-10-25",16369.799805,16425,16356.5,16404.5,16404.5,17351830000
"2019-10-28",16434.400391,16453.199219,16387.5,16387.5,16387.5,16217530000
"2019-10-29",16330.900391,16454.099609,16315.599609,16418.099609,16418.099609,17811650000
"2019-10-30",16412.5,16501.5,16373.5,16501.400391,16501.400391,16000830000
"2019-10-31",16473.300781,16483.199219,16409.5,16483.199219,16483.199219,22227950000
"2019-11-01",16537.699219,16608,16534.900391,16594.099609,16594.099609,20117540000
"2019-11-04",16646.099609,16681.599609,16642.5,16669.800781,16669.800781,24477490000
"2019-11-05",16663.900391,16696.800781,16660.300781,16681.900391,16681.900391,22938150000
"2019-11-06",16693,16766.599609,16666.900391,16745.599609,16745.599609,21718120000
"2019-11-07",16797.300781,16834.400391,16788.599609,16805.800781,16805.800781,24258040000
"2019-11-08",16795.699219,16879.699219,16795.699219,16877.400391,16877.400391,20748380000
"2019-11-11",16834.800781,16895.099609,16819.900391,16882.800781,16882.800781,15312270000
"2019-11-12",16898.099609,16927.5,16884.800781,16909.400391,16909.400391,23096040000
"2019-11-13",16891.599609,16987.300781,16880.699219,16958,16958,18450790000
"2019-11-14",16959.900391,16984.099609,16939.099609,16972.199219,16972.199219,16639150000
"2019-11-15",16982.699219,17036,16978,17028.5,17028.5,18937940000
"2019-11-18",17003.800781,17025.099609,16994.5,17025.099609,17025.099609,20617910000
"2019-11-19",17033.900391,17033.900391,16963.900391,17011.400391,17011.400391,22499500000
"2019-11-20",16992.099609,17040.599609,16962.599609,17005.800781,17005.800781,23737970000
"2019-11-21",17019.5,17019.5,16950.800781,16999.199219,16999.199219,23645580000
"2019-11-22",17012.5,17012.5,16935.699219,16954.800781,16954.800781,19953460000
"2019-11-25",16980.599609,17048.5,16972.699219,17032.900391,17032.900391,21853990000
"2019-11-26",17016.900391,17048.199219,16975.699219,17035.900391,17035.900391,32757610000
"2019-11-27",17046.599609,17104.300781,17023.300781,17100.599609,17100.599609,17618400000
"2019-11-28",17086.800781,17120.900391,17077.800781,17114.5,17114.5,6377410000
"2019-11-29",17099.199219,17117.199219,17040.199219,17040.199219,17040.199219,15588050000
"2019-12-02",17060.900391,17060.900391,16930.400391,16981.5,16981.5,19865910000
"2019-12-03",16900.300781,16908.5,16853.199219,16892.199219,16892.199219,22064880000
"2019-12-04",16909.300781,16957.900391,16893.400391,16897.300781,16897.300781,20623970000
"2019-12-05",16886.800781,16886.800781,16817,16854.900391,16854.900391,22723080000
"2019-12-06",16937.400391,17023.300781,16930,16997,16997,18333840000
"2019-12-09",16986.699219,17003.400391,16934.699219,16950.900391,16950.900391,19455680000
"2019-12-10",16947.099609,16967.5,16906.599609,16950.699219,16950.699219,18721330000
"2019-12-11",16968.199219,17006,16915.199219,16939.599609,16939.599609,19171900000
"2019-12-12",16951.599609,17031.900391,16946.199219,16946.900391,16946.900391,24256960000
"2019-12-13",16956.099609,17036.800781,16930,17003.099609,17003.099609,29650890000
"2019-12-16",17043.800781,17095.5,17036.099609,17056.400391,17056.400391,20503570000
"2019-12-17",17065.699219,17088,17032.300781,17075.199219,17075.199219,20681450000
"2019-12-18",17047,17051.699219,17004.5,17032,17032,24887310000
"2019-12-19",17036.699219,17079,17015.400391,17064,17064,20778430000
"2019-12-20",17078.699219,17166,17078.699219,17118.400391,17118.400391,46580100000
"2019-12-23",17149,17166.400391,17102.300781,17128.699219,17128.699219,16252040000
"2019-12-24",17132.800781,17180.199219,17095.199219,17180.199219,17180.199219,9319500000
"2019-12-27",17216.199219,17230.599609,17145,17168.199219,17168.199219,13479670000
"2019-12-30",17159.599609,17159.599609,17066.599609,17098.599609,17098.599609,12808490000
"2019-12-31",17052.400391,17079.5,17027.400391,17063.400391,17063.400391,15509860000
"2020-01-02",17131.599609,17164.599609,17043.5,17100,17100,15621350000
"2020-01-03",17054.800781,17105.699219,17033.199219,17066.099609,17066.099609,18549210000
"2020-01-06",17042.300781,17105.5,17041.199219,17105.5,17105.5,19535180000
"2020-01-07",17119.599609,17178,17110.300781,17168.099609,17168.099609,17193580000
"2020-01-08",17172.699219,17229.900391,17164.599609,17167.800781,17167.800781,24698010000
"2020-01-09",17205.900391,17255.5,17201.300781,17235.599609,17235.599609,22250120000
"2020-01-10",17223.199219,17254.099609,17187.199219,17234.5,17234.5,19251410000
"2020-01-13",17237.599609,17301.800781,17198.900391,17293.400391,17293.400391,26808680000
"2020-01-14",17288.599609,17356.5,17281.300781,17352.900391,17352.900391,23549560000
"2020-01-15",17364.800781,17421.699219,17345.099609,17415.199219,17415.199219,20764520000
"2020-01-16",17443.5,17489.599609,17438.5,17484.800781,17484.800781,26142060000
"2020-01-17",17507.699219,17572.199219,17502.400391,17559,17559,22467330000
"2020-01-20",17548.099609,17620.199219,17538.400391,17597.400391,17597.400391,11182110000
"2020-01-21",17551.5,17589.5,17536.300781,17572.300781,17572.300781,24156310000
"2020-01-22",17570.300781,17666.5,17558,17599.900391,17599.900391,21332970000
"2020-01-23",17564.800781,17621.800781,17540.800781,17621.800781,17621.800781,33091430000
"2020-01-24",17629.400391,17646.400391,17514.699219,17565.300781,17565.300781,19368910000
"2020-01-27",17376.800781,17466.099609,17360,17442.5,17442.5,20377400000
"2020-01-28",17475,17519,17456.099609,17500.900391,17500.900391,19813980000
"2020-01-29",17547.5,17561.900391,17496.699219,17511.800781,17511.800781,16941280000
"2020-01-30",17429.599609,17502.900391,17395.900391,17490.599609,17490.599609,19107030000
"2020-01-31",17442.300781,17450.699219,17272.699219,17318.5,17318.5,23915700000
"2020-02-03",17351,17441.599609,17351,17379.800781,17379.800781,19633150000
"2020-02-04",17504.599609,17548.800781,17493.800781,17512.699219,17512.699219,23504530000
"2020-02-05",17629.400391,17674,17606.099609,17651.599609,17651.599609,22339970000
"2020-02-06",17686.099609,17758.5,17670.599609,17757.5,17757.5,19932750000
"2020-02-07",17705.400391,17716.699219,17633,17655.5,17655.5,20982780000
"2020-02-10",17646.599609,17743.599609,17646.599609,17740.599609,17740.599609,21073560000
"2020-02-11",17783.599609,17822.199219,17769.300781,17777.099609,17777.099609,19930210000
"2020-02-12",17873.099609,17873.099609,17812,17832.900391,17832.900391,24620350000
"2020-02-13",17764.099609,17829.199219,17750.800781,17821.199219,17821.199219,25569660000
"2020-02-14",17811.300781,17848.5,17798.599609,17848.400391,17848.400391,22270680000
"2020-02-18",17818.900391,17871.300781,17812.5,17858.300781,17858.300781,29436100000
"2020-02-19",17887.599609,17933.199219,17851.300781,17925.400391,17925.400391,21595300000
"2020-02-20",17911.599609,17970.5,17860.599609,17944.099609,17944.099609,24879800000
"2020-02-21",17936.5,17949.800781,17833.099609,17843.5,17843.5,27126090000
"2020-02-24",17608.900391,17608.900391,17463.099609,17562.699219,17562.699219,31012050000
"2020-02-25",17560.5,17586.800781,17124.900391,17177.400391,17177.400391,30324560000
"2020-02-26",17140.900391,17304.599609,17029.900391,17041.900391,17041.900391,30363200000
"2020-02-27",16803.400391,16816.199219,16456.800781,16717.400391,16717.400391,23268590000
"2020-02-28",16184.400391,16276.900391,15896.400391,16263.099609,16263.099609,59021930000
"2020-03-02",16325,16566.699219,16166.299805,16553.300781,16553.300781,37472150000
"2020-03-03",16674.900391,16798.199219,16378.299805,16423.599609,16423.599609,39312790000
"2020-03-04",16659.900391,16779.5,16539.400391,16779.5,16779.5,27371860000
"2020-03-05",16541.599609,16684.900391,16456.699219,16554,16554,31301230000
"2020-03-06",16222.099609,16261.5,16015.799805,16175,16175,37470380000
"2020-03-09",15221.799805,15240.299805,14498.299805,14514.200195,14514.200195,55922740000
"2020-03-10",15019,15048.799805,14481.900391,14958.099609,14958.099609,57100130000
"2020-03-11",14639.700195,14714.200195,14185.200195,14270.099609,14270.099609,46899090000
"2020-03-12",13611.799805,13611.799805,12451.099609,12508.5,12508.5,67833290000
"2020-03-13",13161.599609,13716.299805,12608.299805,13716.299805,13716.299805,66932870000
"2020-03-16",12648.700195,12851.700195,11883.700195,12360.400391,12360.400391,52566830000
"2020-03-17",12525.299805,13114.5,12322.700195,12685.200195,12685.200195,61874520000
"2020-03-18",12197.700195,12500,11384.099609,11721.400391,11721.400391,58943700000
"2020-03-19",11657.299805,12294.400391,11361.299805,12170.5,12170.5,53158630000
"2020-03-20",12335.700195,12670.799805,11809.400391,11851.799805,11851.799805,72789030000
"2020-03-23",11802.799805,11870.599609,11172.700195,11228.5,11228.5,47324150000
"2020-03-24",11909.700195,12588.299805,11823.900391,12571.099609,12571.099609,48933250000
"2020-03-25",12588.099609,13690.400391,12496.299805,13139.200195,13139.200195,55312680000
"2020-03-26",13154.099609,13592.299805,13138.299805,13371.200195,13371.200195,47104740000
"2020-03-27",12942.900391,12963.599609,12630.299805,12687.700195,12687.700195,45337800000
"2020-03-30",12780.900391,13048.400391,12549,13038.5,13038.5,38824650000
"2020-03-31",13083.900391,13557.599609,13083.900391,13378.799805,13378.799805,49899390000
"2020-04-01",12966.799805,13138.099609,12814,12876.400391,12876.400391,37301320000
"2020-04-02",12946.599609,13248.599609,12921,13097.799805,13097.799805,44604160000
"2020-04-03",13108.299805,13171.200195,12829.400391,12938.299805,12938.299805,35498890000
"2020-04-06",13362.400391,13603,13300.099609,13592.700195,13592.700195,38678430000
"2020-04-07",13937.900391,14062.700195,13571.5,13614.099609,13614.099609,40091790000
"2020-04-08",13726,13964.900391,13588.400391,13925.700195,13925.700195,37416360000
"2020-04-09",14082,14329.200195,14010.700195,14166.599609,14166.599609,43730120000
"2020-04-13",14195.099609,14197.599609,13889.299805,14075.900391,14075.900391,32641010000
"2020-04-14",14239.099609,14440.900391,14110.700195,14258.400391,14258.400391,33590230000
"2020-04-15",14010.900391,14071,13900.700195,13958.599609,13958.599609,31561150000
"2020-04-16",14024.799805,14056.900391,13874.700195,13899.299805,13899.299805,28839570000
"2020-04-17",14079.299805,14365.799805,14079.299805,14359.900391,14359.900391,37404550000
"2020-04-20",14132.799805,14509.799805,14075.799805,14388.299805,14388.299805,33470950000
"2020-04-21",14106.5,14307.700195,13940.099609,13940.099609,13940.099609,30712960000
"2020-04-22",14212.900391,14305,14113,14288.200195,14288.200195,26717410000
"2020-04-23",14329.400391,14422.400391,14238.700195,14251.099609,14251.099609,31105830000
"2020-04-24",14337.599609,14433.700195,14242.799805,14420.400391,14420.400391,32367900000
"2020-04-27",14492,14649.599609,14404.599609,14642.099609,14642.099609,28451940000
"2020-04-28",14767.599609,14856,14658.700195,14798.299805,14798.299805,29771130000
"2020-04-29",15003,15257.900391,15002.099609,15228.099609,15228.099609,37131890000
"2020-04-30",15114.799805,15114.799805,14767.099609,14780.700195,14780.700195,40359980000
"2020-05-01",14563,14661.200195,14520.200195,14620.299805,14620.299805,28732120000
"2020-05-04",14554.200195,14745,14518.099609,14745,14745,29509350000
"2020-05-05",14899.400391,14943.700195,14764.099609,14811.599609,14811.599609,29757570000
"2020-05-06",14855.400391,14909.599609,14744.299805,14830.700195,14830.700195,30269080000
"2020-05-07",14963.200195,15016,14815.799805,14833.700195,14833.700195,31463120000
"2020-05-08",14958.200195,14985.599609,14898.5,14966.599609,14966.599609,31219220000
"2020-05-11",14901.900391,15118.799805,14852.799805,15103.200195,15103.200195,24960520000
"2020-05-12",15161.5,15184.900391,14881.200195,14881.200195,14881.200195,30666530000
"2020-05-13",14898.099609,14898.099609,14419.900391,14503.200195,14503.200195,31164400000
"2020-05-14",14346.200195,14553.099609,14187.5,14509.700195,14509.700195,30762210000
"2020-05-15",14504.299805,14657.599609,14447.900391,14638.900391,14638.900391,28694650000
"2020-05-19",14911.400391,14951.200195,14823,14885.5,14885.5,37889310000
"2020-05-20",15048.200195,15054.799805,14972.200195,14997.599609,14997.599609,30048220000
"2020-05-21",14993.5,14999.5,14783.900391,14884.900391,14884.900391,28895070000
"2020-05-22",14929.299805,14933.200195,14834.799805,14913.599609,14913.599609,25274010000
"2020-05-25",15004.200195,15089.599609,14983,15075.400391,15075.400391,12786760000
"2020-05-26",15162.099609,15185.099609,15095,15148.099609,15148.099609,29983780000
"2020-05-27",15176.5,15272,14940.299805,15272,15272,34932790000
"2020-05-28",15325.700195,15342.400391,15226.900391,15262.700195,15262.700195,33398670000
"2020-05-29",15241.799805,15244.400391,15092.900391,15192.799805,15192.799805,79356310000
"2020-06-01",15177.599609,15271.099609,15163.099609,15236.200195,15236.200195,24651350000
"2020-06-02",15301.200195,15398.700195,15279.400391,15394.400391,15394.400391,28151360000
"2020-06-03",15517.099609,15628.900391,15504.200195,15575.099609,15575.099609,37220340000
"2020-06-04",15577.299805,15637.400391,15502.400391,15527.900391,15527.900391,30007920000
"2020-06-05",15780.900391,15883,15774,15854.099609,15854.099609,37821820000
"2020-06-08",15963.5,15980.099609,15847.900391,15974.900391,15974.900391,44301580000
"2020-06-09",15881,15907.900391,15772.200195,15833.700195,15833.700195,36073130000
"2020-06-10",15863.599609,15863.599609,15610.700195,15701.299805,15701.299805,36195860000
"2020-06-11",15374.5,15401.299805,15015.5,15050.900391,15050.900391,37444070000
"2020-06-12",15394.900391,15424.099609,15117.299805,15256.599609,15256.599609,34041860000
"2020-06-15",15044.5,15442.900391,14934.700195,15359.700195,15359.700195,29443120000
"2020-06-16",15694.299805,15701.799805,15450.700195,15515.799805,15515.799805,28891350000
"2020-06-17",15571.5,15571.5,15413.799805,15428.700195,15428.700195,23246530000
"2020-06-18",15367.299805,15523.5,15341.5,15479.799805,15479.799805,22312370000
"2020-06-19",15638.099609,15638.099609,15436.900391,15474.200195,15474.200195,94403740000
"2020-06-22",15484.299805,15537.700195,15427.299805,15516.900391,15516.900391,24080250000
"2020-06-23",15673.799805,15679.400391,15527.200195,15564.799805,15564.799805,21910220000
"2020-06-24",15489.299805,15489.299805,15144.400391,15294.400391,15294.400391,23745250000
"2020-06-25",15222.599609,15451,15178.400391,15446.099609,15446.099609,19577840000
"2020-06-26",15400.799805,15405.900391,15167.599609,15189,15189,25656390000
"2020-06-29",15250.5,15425,15182.799805,15389.700195,15389.700195,21625930000
"2020-06-30",15342.599609,15564.900391,15319.400391,15515.200195,15515.200195,25555470000
"2020-07-02",15694.099609,15828.599609,15613.099609,15622.400391,15622.400391,21203830000
"2020-07-03",15613.200195,15625.099609,15561.599609,15596.799805,15596.799805,6122890000
"2020-07-06",15765.599609,15797,15643.400391,15669.700195,15669.700195,23809140000
"2020-07-07",15605.299805,15717.700195,15582.400391,15595.5,15595.5,18370870000
"2020-07-08",15637,15706.900391,15533.099609,15629.200195,15629.200195,20784740000
"2020-07-09",15637.700195,15649.099609,15391.700195,15568.599609,15568.599609,20377640000
"2020-07-10",15582.599609,15717.599609,15546.299805,15713.799805,15713.799805,20276430000
"2020-07-13",15782.599609,15879.700195,15621,15639.400391,15639.400391,22957830000
"2020-07-14",15625,15923.5,15573.5,15908.5,15908.5,23174450000
"2020-07-15",15996.200195,16130.599609,15979.200195,16063.299805,16063.299805,23875700000
"2020-07-16",15965.099609,16069.099609,15957.799805,16024.5,16024.5,17487510000
"2020-07-17",16089.299805,16142.700195,16012.900391,16123.5,16123.5,16379360000
"2020-07-20",16113.400391,16201.700195,16112.299805,16183.700195,16183.700195,20033130000
"2020-07-21",16297.599609,16317.400391,16153.200195,16163,16163,22282640000
"2020-07-22",16173.200195,16196.400391,16107.700195,16171.099609,16171.099609,18590500000
"2020-07-23",16178.5,16186.900391,15969.799805,16018.700195,16018.700195,19671220000
"2020-07-24",15980.599609,16006.299805,15928.400391,15997.099609,15997.099609,16646910000
"2020-07-27",16076.299805,16165.799805,16012.700195,16161.299805,16161.299805,18366700000
"2020-07-28",16140,16189.5,16085.299805,16121.299805,16121.299805,19126480000
"2020-07-29",16271.400391,16317.900391,16173,16294.700195,16294.700195,18831150000
"2020-07-30",16123.099609,16299.299805,16020.599609,16299.299805,16299.299805,18596840000
"2020-07-31",16288.799805,16288.799805,16060.599609,16169.200195,16169.200195,21514090000
"2020-08-04",16172.599609,16370.799805,16172.599609,16368,16368,24145770000
"2020-08-05",16454.099609,16507.300781,16440.300781,16501.599609,16501.599609,23339610000
"2020-08-06",16543.5,16593.400391,16496.800781,16579.099609,16579.099609,22443210000
"2020-08-07",16544.300781,16567.300781,16492.099609,16544.5,16544.5,18432820000
"2020-08-10",16603.900391,16647.300781,16535,16605.5,16605.5,22421920000
"2020-08-11",16579.199219,16640.400391,16486,16497,16497,25237770000
"2020-08-12",16645.599609,16681.400391,16565,16575.300781,16575.300781,22135690000
"2020-08-13",16554,16587.699219,16471.599609,16530.099609,16530.099609,17504850000
"2020-08-14",16467.099609,16543,16454,16514.599609,16514.599609,16341710000
"2020-08-17",16627.099609,16663,16600.199219,16656.099609,16656.099609,18927400000
"2020-08-18",16701.699219,16706.599609,16579,16626.099609,16626.099609,16595910000
"2020-08-19",16609.5,16654,16565.199219,16577.400391,16577.400391,21300790000
"2020-08-20",16514.900391,16621.900391,16490.599609,16606.800781,16606.800781,18265800000
"2020-08-21",16546.300781,16546.300781,16474.699219,16517.900391,16517.900391,17063210000
"2020-08-24",16631.699219,16639,16573.199219,16626.599609,16626.599609,18539010000
"2020-08-25",16654.900391,16654.900391,16523.900391,16617.5,16617.5,15815160000
"2020-08-26",16642.599609,16792.699219,16611.400391,16790,16790,17212630000
"2020-08-27",16823.400391,16835.099609,16650.5,16731.5,16731.5,18826200000
"2020-08-28",16780.900391,16781.900391,16681.400391,16705.800781,16705.800781,20878960000
"2020-08-31",16685.5,16685.5,16498.099609,16514.400391,16514.400391,24091140000
"2020-09-01",16533.199219,16645,16462.699219,16645,16645,19978850000
"2020-09-02",16711.300781,16725.699219,16650,16698,16698,21202160000
"2020-09-03",16676,16720.800781,16386.300781,16448.900391,16448.900391,20480640000
"2020-09-04",16471.900391,16507.199219,16086.200195,16218,16218,26064190000
"2020-09-08",16064.5,16222.200195,15956,16099.5,16099.5,28244090000
"2020-09-09",16250.400391,16432.699219,16250.400391,16383.599609,16383.599609,22775050000
"2020-09-10",16431.599609,16431.599609,16153.200195,16185.299805,16185.299805,21567020000
"2020-09-11",16252.099609,16316.799805,16143.200195,16222.5,16222.5,18651800000
"2020-09-14",16314.900391,16373.299805,16295.099609,16360.099609,16360.099609,23178110000
"2020-09-15",16468.199219,16515.199219,16408.099609,16431.300781,16431.300781,20859280000
"2020-09-16",16495.599609,16495.599609,16295.700195,16295.700195,16295.700195,22814060000
"2020-09-17",16134.5,16294.299805,16103.099609,16246.700195,16246.700195,20687030000
"2020-09-18",16289.5,16310,16174.299805,16199,16199,53248410000
"2020-09-21",15981.299805,15981.799805,15763.099609,15981.799805,15981.799805,27049090000
"2020-09-22",16048.900391,16180.200195,16000.5,16142.900391,16142.900391,19499360000
"2020-09-23",16183.5,16195,15816.400391,15817.099609,15817.099609,22269380000
"2020-09-24",15781.400391,15994.200195,15725,15912.299805,15912.299805,20601210000
"2020-09-25",15878.200195,16088.799805,15832,16065.400391,16065.400391,17795660000
"2020-09-28",16237.099609,16286.799805,16185.099609,16242.799805,16242.799805,23568800000
"2020-09-29",16231.200195,16232.599609,16131.5,16211.5,16211.5,16917070000
"2020-09-30",16228,16273.799805,16090.599609,16121.400391,16121.400391,26249180000
"2020-10-01",16189.700195,16228.5,16117.299805,16184.5,16184.5,21484170000
"2020-10-02",16021.599609,16213.900391,16005.700195,16199.299805,16199.299805,18812770000
"2020-10-05",16262.5,16418.599609,16251.099609,16410.199219,16410.199219,21956700000
"2020-10-06",16454.099609,16455.800781,16205.5,16236.099609,16236.099609,24280110000
"2020-10-07",16352.799805,16443.900391,16339,16428.300781,16428.300781,20537940000
"2020-10-08",16485,16539.099609,16481.599609,16534.5,16534.5,22646100000
"2020-10-09",16584.099609,16611,16518.400391,16562.800781,16562.800781,20963600000
"2020-10-13",16569.900391,16569.900391,16449.800781,16510.800781,16510.800781,22218200000
"2020-10-14",16554.099609,16575.400391,16436.800781,16455.400391,16455.400391,22432180000
"2020-10-15",16305.099609,16515.199219,16290,16501,16501,18220270000
"2020-10-16",16534.400391,16549.699219,16435.699219,16438.800781,16438.800781,17688100000
"2020-10-19",16483.400391,16490.900391,16261.799805,16274.099609,16274.099609,21265920000
"2020-10-20",16350,16369.900391,16246,16273.299805,16273.299805,21315690000
"2020-10-21",16246.900391,16313.099609,16203,16230.200195,16230.200195,18864410000
"2020-10-22",16222.799805,16294,16148.599609,16279.400391,16279.400391,20280060000
"2020-10-23",16312.599609,16334.799805,16228.599609,16304.099609,16304.099609,18874960000
"2020-10-26",16208,16224.200195,15990.099609,16079.599609,16079.599609,21983350000
"2020-10-27",16084.700195,16104.599609,15999.200195,16020.900391,16020.900391,18880470000
"2020-10-28",15835.099609,15835.099609,15575.099609,15586.599609,15586.599609,27746170000
"2020-10-29",15633.599609,15738.200195,15514.599609,15670.700195,15670.700195,20566320000
"2020-10-30",15616,15632.299805,15418.5,15580.599609,15580.599609,22184080000
"2020-11-02",15684.900391,15724.900391,15569.400391,15696.900391,15696.900391,19713910000
"2020-11-03",15791.799805,15975.900391,15791.799805,15939.200195,15939.200195,19452190000
"2020-11-04",16053.700195,16111.700195,15894.200195,15998.700195,15998.700195,28580990000
"2020-11-05",16232.700195,16318.599609,16223.700195,16298.200195,16298.200195,29445720000
"2020-11-06",16359.400391,16378.599609,16236.599609,16282.799805,16282.799805,28527130000
"2020-11-09",16550.699219,16715.699219,16465.199219,16475.900391,16475.900391,47665760000
"2020-11-10",16503,16654.800781,16485.800781,16615.400391,16615.400391,31121270000
"2020-11-11",16718.400391,16801,16674.900391,16774.099609,16774.099609,27042980000
"2020-11-12",16774.199219,16794.900391,16532.800781,16582.199219,16582.199219,26832740000
"2020-11-13",16679.5,16736.300781,16662.400391,16675.599609,16675.599609,24020710000
"2020-11-16",16791.900391,16889.800781,16734,16889.800781,16889.800781,30681330000
"2020-11-17",16800.199219,16952.800781,16768.699219,16948.099609,16948.099609,26419180000
"2020-11-18",16972.300781,16990.599609,16884.800781,16889.800781,16889.800781,25489310000
"2020-11-19",16838,16922.599609,16813.599609,16909.800781,16909.800781,22371320000
"2020-11-20",16929.400391,17048.900391,16891.599609,17019.099609,17019.099609,23020810000
"2020-11-23",17067.300781,17137.300781,17035.699219,17094.5,17094.5,27721740000
"2020-11-24",17203,17311.099609,17190.900391,17274.300781,17274.300781,32208740000
"2020-11-25",17278.400391,17323.800781,17215.5,17313.099609,17313.099609,24908110000
"2020-11-26",17306.199219,17366.599609,17301.900391,17351.300781,17351.300781,9880610000
"2020-11-27",17316.800781,17411,17316.800781,17396.599609,17396.599609,18746870000
"2020-11-30",17339.699219,17339.699219,17124.900391,17190.300781,17190.300781,44583290000
"2020-12-01",17431.300781,17471.199219,17285.300781,17296.900391,17296.900391,29675390000
"2020-12-02",17278.099609,17358.300781,17220.900391,17358.199219,17358.199219,26196420000
"2020-12-03",17386,17452.900391,17382,17398,17398,25102570000
"2020-12-04",17438.900391,17525.699219,17437.5,17521,17521,31026840000
"2020-12-07",17494.699219,17611.5,17447.300781,17582.400391,17582.400391,33730520000
"2020-12-08",17541.599609,17654.900391,17541.599609,17639,17639,24005420000
"2020-12-09",17654.199219,17668,17475.099609,17559.900391,17559.900391,28523570000
"2020-12-10",17478.300781,17603.699219,17452.900391,17593.300781,17593.300781,23632520000
"2020-12-11",17539.5,17561.800781,17470.900391,17548.900391,17548.900391,21591370000
"2020-12-14",17614.199219,17617.300781,17383.300781,17387.400391,17387.400391,29775630000
"2020-12-15",17481.800781,17533.099609,17441.800781,17506.5,17506.5,22139690000
"2020-12-16",17570.400391,17600.599609,17480.800781,17567.400391,17567.400391,25684890000
"2020-12-17",17646.900391,17684.099609,17605.5,17652.900391,17652.900391,24724580000
"2020-12-18",17675.300781,17676.599609,17517.199219,17534.599609,17534.599609,48455840000
"2020-12-21",17367,17507.699219,17307.5,17500.900391,17500.900391,24728720000
"2020-12-22",17538.199219,17572.900391,17478.400391,17552.5,17552.5,20808870000
"2020-12-23",17586.900391,17652.699219,17583.599609,17593.599609,17593.599609,18516180000
"2020-12-24",17595.900391,17641.699219,17568.5,17623.900391,17623.900391,9598540000
"2020-12-29",17610.5,17661.199219,17512.199219,17543.400391,17543.400391,20540680000
"2020-12-30",17572.300781,17623.099609,17534.099609,17545.800781,17545.800781,15957980000
"2020-12-31",17520.699219,17556.5,17428.699219,17433.400391,17433.400391,15856670000
"2021-01-04",17583.400391,17593.800781,17405.400391,17527.800781,17527.800781,23898110000
"2021-01-05",17544,17694.400391,17544,17682.5,17682.5,29035480000
"2021-01-06",17721.599609,17924.5,17721.599609,17828.099609,17828.099609,31052900000
"2021-01-07",17935.300781,18051.800781,17912.800781,18027.599609,18027.599609,26137010000
"2021-01-08",18057.099609,18058.599609,17935.599609,18042.099609,18042.099609,25928410000
"2021-01-11",17930,18027.199219,17927.199219,17934.5,17934.5,22541210000
"2021-01-12",17981.800781,18009.300781,17894.099609,17985.800781,17985.800781,24467710000
"2021-01-13",18001.300781,18010,17897.199219,17934.699219,17934.699219,24117210000
"2021-01-14",17974.199219,18025.300781,17948.300781,17958.099609,17958.099609,30107830000
"2021-01-15",17961.599609,17972.699219,17808.900391,17909,17909,27268710000
"2021-01-18",17889.400391,17967.699219,17889.400391,17944.900391,17944.900391,9921870000
"2021-01-19",17992.5,18023.300781,17916.800781,17957.400391,17957.400391,24913030000
"2021-01-20",18016.400391,18027.5,17911.5,18014.900391,18014.900391,25006570000
"2021-01-21",18018.300781,18018.300781,17870.300781,17916.199219,17916.199219,22374210000
"2021-01-22",17812.5,17869.900391,17790.199219,17845.900391,17845.900391,20935160000
"2021-01-25",17835.300781,17931.099609,17735.900391,17906,17906,24624850000
"2021-01-26",17945,17945,17774.400391,17779.400391,17779.400391,22142680000
"2021-01-27",17688.199219,17688.199219,17412.199219,17424.400391,17424.400391,29125060000
"2021-01-28",17571.199219,17711.900391,17537.099609,17657.199219,17657.199219,27083040000
"2021-01-29",17615.800781,17615.800781,17297.800781,17337,17337,30430930000
"2021-02-01",17527.400391,17716.099609,17487.699219,17692.5,17692.5,24963980000
"2021-02-02",17755.699219,17895.300781,17752.900391,17874.5,17874.5,26110530000
"2021-02-03",17906.599609,17924.699219,17822.199219,17915.900391,17915.900391,25523300000
"2021-02-04",17954.300781,18072.199219,17929.699219,18042,18042,25777250000
"2021-02-05",18110.599609,18159.199219,18070.699219,18135.900391,18135.900391,23281510000
"2021-02-08",18236.400391,18333.800781,18236.400391,18330.300781,18330.300781,30459530000
"2021-02-09",18369.900391,18421,18334.5,18408.599609,18408.599609,24775700000
"2021-02-10",18494.800781,18527.900391,18302.099609,18457.800781,18457.800781,25814580000
"2021-02-11",18463,18481.099609,18325.5,18393,18393,27115960000
"2021-02-12",18381.900391,18460.800781,18335.800781,18460.199219,18460.199219,25365160000
"2021-02-16",18514.400391,18579.699219,18452.5,18492.5,18492.5,29005790000
"2021-02-17",18346.099609,18391.300781,18254.300781,18374.800781,18374.800781,27385590000
"2021-02-18",18304.199219,18351.099609,18207.199219,18274.099609,18274.099609,26620890000
"2021-02-19",18316,18393.099609,18271.400391,18384.300781,18384.300781,26813990000
"2021-02-22",18347,18467.300781,18336.199219,18416.699219,18416.699219,33421290000
"2021-02-23",18307.400391,18375.099609,18021.900391,18330.099609,18330.099609,28975820000
"2021-02-24",18341.900391,18548.900391,18241.900391,18484.5,18484.5,32381990000
"2021-02-25",18462.800781,18526.099609,18147.099609,18223.5,18223.5,33750960000
"2021-02-26",18203.599609,18219.599609,17930,18060.300781,18060.300781,40254230000
"2021-03-01",18249.800781,18363.199219,18232.800781,18299.599609,18299.599609,26933440000
"2021-03-02",18340.199219,18454.400391,18292.300781,18421.599609,18421.599609,28690470000
"2021-03-03",18427.5,18437.300781,18248.300781,18320.699219,18320.699219,26912490000
"2021-03-04",18281.699219,18354.5,17950.800781,18125.699219,18125.699219,33445570000
"2021-03-05",18250.5,18406.5,17998.300781,18381,18381,32750080000
"2021-03-08",18404.099609,18595.699219,18353.400391,18457.800781,18457.800781,32855800000
"2021-03-09",18565.400391,18711.599609,18556.300781,18599.199219,18599.199219,30391240000
"2021-03-10",18702.900391,18761.900391,18602.599609,18690,18690,24292390000
"2021-03-11",18815.099609,18881.199219,18778.800781,18844.599609,18844.599609,26004220000
"2021-03-12",18794.400391,18853.199219,18725.599609,18851.300781,18851.300781,25409920000
"2021-03-15",18910.099609,18964.300781,18808.5,18954.800781,18954.800781,26561410000
"2021-03-16",18974.199219,18974.199219,18854.699219,18874,18874,26400880000
"2021-03-17",18840.800781,19037.099609,18820.900391,18983.099609,18983.099609,27125070000
"2021-03-18",18924,18989.599609,18813.300781,18836.5,18836.5,26649500000
"2021-03-19",18836.699219,18883.699219,18721.699219,18854,18854,60253880000
"2021-03-22",18838.400391,18852.400391,18772.599609,18815.099609,18815.099609,21104390000
"2021-03-23",18791.699219,18824.699219,18642.5,18669.800781,18669.800781,25257680000
"2021-03-24",18744.400391,18789.800781,18626.400391,18628.300781,18628.300781,23778980000
"2021-03-25",18553.300781,18674.599609,18460.599609,18651.099609,18651.099609,25814660000
"2021-03-26",18683.400391,18758.599609,18591.199219,18752.599609,18752.599609,22138420000
"2021-03-29",18707.699219,18760,18613.900391,18719.199219,18719.199219,23651160000
"2021-03-30",18647.699219,18733.699219,18606.599609,18705.599609,18705.599609,20111350000
"2021-03-31",18727.300781,18786.800781,18687.900391,18700.699219,18700.699219,27225650000
"2021-04-01",18799.900391,18993.800781,18772.699219,18990.300781,18990.300781,21602570000
"2021-04-05",19062.300781,19082.699219,19017.300781,19026.800781,19026.800781,21480560000
"2021-04-06",19083.300781,19153,19058.900391,19104.099609,19104.099609,20625590000
"2021-04-07",19138.199219,19178,19099.199219,19129.099609,19129.099609,21545950000
"2021-04-08",19157,19228.900391,19089.099609,19228.900391,19228.900391,22540860000
"2021-04-09",19183.300781,19228,19157.300781,19228,19228,18370210000
"2021-04-12",19220.099609,19252.800781,19161.699219,19201.300781,19201.300781,22801300000
"2021-04-13",19249.300781,19256.400391,19182,19203.699219,19203.699219,22151180000
"2021-04-14",19263.599609,19312.300781,19163.400391,19171.699219,19171.699219,20508260000
"2021-04-15",19253,19337.199219,19249.699219,19321.900391,19321.900391,20297130000
"2021-04-16",19380.699219,19380.699219,19293.800781,19351.300781,19351.300781,23840730000
"2021-04-19",19341.199219,19364.599609,19180,19204.400391,19204.400391,19288620000
"2021-04-20",19106.699219,19119.699219,18967.099609,19040.800781,19040.800781,19804310000
"2021-04-21",19022.900391,19152.800781,19022.900391,19143.300781,19143.300781,16859050000
"2021-04-22",19148.400391,19148.400391,18988.699219,19031.599609,19031.599609,17167730000
"2021-04-23",19056,19126.099609,19033.5,19102.300781,19102.300781,17063460000
"2021-04-26",19109.900391,19186.800781,19104.900391,19170.599609,19170.599609,19157010000
"2021-04-27",19205.5,19241.599609,19123.400391,19175.099609,19175.099609,18447670000
"2021-04-28",19235.900391,19403.5,19217.599609,19357,19357,19169260000
"2021-04-29",19413.5,19439.800781,19221.699219,19255.900391,19255.900391,19864100000
"2021-04-30",19196.5,19227.400391,19085,19108.300781,19108.300781,19939820000
"2021-05-03",19193.599609,19276.099609,19193.599609,19213.199219,19213.199219,18582080000
"2021-05-04",19207.199219,19231.199219,19052.400391,19188,19188,22774850000
"2021-05-05",19259.099609,19340.300781,19219.099609,19310.699219,19310.699219,24633120000
"2021-05-06",19313.300781,19320.300781,19181.900391,19291,19291,24441780000
"2021-05-07",19330.800781,19491.5,19317.300781,19472.699219,19472.699219,24944460000
"2021-05-10",19503.599609,19543.900391,19361.900391,19361.900391,19361.900391,27298850000
"2021-05-11",19185.5,19295.599609,19090.300781,19274,19274,26860130000
"2021-05-12",19216.300781,19259,19067.699219,19107.800781,19107.800781,24614200000
"2021-05-13",19100.800781,19210,19064,19135.800781,19135.800781,23906360000
"2021-05-14",19206.199219,19393.300781,19202.699219,19366.699219,19366.699219,22857010000
"2021-05-17",19341.900391,19475.5,19320.099609,19474.699219,19474.699219,24678270000
"2021-05-18",19477.099609,19556.900391,19414.099609,19507.099609,19507.099609,20365530000
"2021-05-19",19348.199219,19440.5,19224.199219,19417,19417,27184490000
"2021-05-20",19444.699219,19582.400391,19420.599609,19543,19543,21029110000
"2021-05-21",19614.800781,19614.800781,19507.800781,19527.300781,19527.300781,17195750000
"2021-05-25",19621.300781,19679.900391,19553.800781,19564.099609,19564.099609,23215580000
"2021-05-26",19654.199219,19763.699219,19634.599609,19745.5,19745.5,22818630000
"2021-05-27",19768.099609,19835.300781,19752.5,19774.400391,19774.400391,46507910000
"2021-05-28",19876.5,19904.800781,19841,19852.199219,19852.199219,22700180000
"2021-05-31",19905.800781,19909.599609,19705.800781,19731,19731,10225700000
"2021-06-01",19909.099609,20022.099609,19909.099609,19976,19976,28335860000
"2021-06-02",20043.099609,20043.099609,19940.400391,19971.199219,19971.199219,25131520000
"2021-06-03",19941.099609,20011.099609,19906.800781,19941.400391,19941.400391,2.5096e+10
"2021-06-04",20028.099609,20050.400391,19973.199219,20029.199219,20029.199219,19128580000
"2021-06-07",20053.800781,20067.199219,19994.599609,20035.300781,20035.300781,24118990000
"2021-06-08",20052.699219,20106.199219,20006.800781,20065.900391,20065.900391,24651010000
"2021-06-09",20046.300781,20047.099609,19960.900391,20002.300781,20002.300781,21709320000
"2021-06-10",20066.800781,20081.099609,19969.699219,20049.5,20049.5,21399760000
"2021-06-11",20099.300781,20155.900391,20075.400391,20138.400391,20138.400391,16474560000
"2021-06-14",20118.599609,20163.5,20102.300781,20157.699219,20157.699219,27689370000
"2021-06-15",20202.800781,20269.900391,20198.400391,20231.300781,20231.300781,22129950000
"2021-06-16",20231.800781,20295.199219,20194.699219,20231,20231,22701410000
"2021-06-17",20204.300781,20246.599609,20083.800781,20144,20144,2.7032e+10
"2021-06-18",20024.900391,20123,19978.300781,19999.599609,19999.599609,47751700000
"2021-06-21",20067.400391,20222.599609,20013.900391,20156.400391,20156.400391,20046140000
"2021-06-22",20188.599609,20244.199219,20110.099609,20200.699219,20200.699219,21124090000
"2021-06-23",20226.300781,20226.300781,20154.599609,20164.400391,20164.400391,19986660000
"2021-06-24",20241.400391,20257.800781,20176.400391,20215.099609,20215.099609,15985620000
"2021-06-25",20230.800781,20240.199219,20146.400391,20230.300781,20230.300781,17923220000
"2021-06-28",20273.599609,20273.599609,20113.5,20145.300781,20145.300781,18115080000
"2021-06-29",20171.699219,20214.400391,20148,20171,20171,18583940000
"2021-06-30",20155.900391,20182.5,20093.800781,20165.599609,20165.599609,19764910000
"2021-07-02",20267.199219,20338.5,20185.400391,20226.099609,20226.099609,18293810000
"2021-07-05",20249.199219,20291.300781,20202.699219,20281.5,20281.5,7550730000
"2021-07-06",20303.699219,20307.400391,20175,20300,20300,23196990000
"2021-07-07",20315.400391,20381.699219,20234.199219,20290.599609,20290.599609,19180230000
"2021-07-08",20101.699219,20117.599609,19980.300781,20061.199219,20061.199219,19778550000
"2021-07-09",20136.400391,20265.199219,20132.900391,20258,20258,15290780000
"2021-07-12",20259.900391,20283.099609,20226.5,20233.099609,20233.099609,17375520000
"2021-07-13",20274.199219,20316.800781,20250.800781,20270.699219,20270.699219,16577930000
"2021-07-14",20307.900391,20316.300781,20130.599609,20147.199219,20147.199219,17473470000
"2021-07-15",20128.300781,20214.599609,20092.900391,20183.699219,20183.699219,17127830000
"2021-07-16",20203.5,20206.800781,19976,19985.5,19985.5,17442900000
"2021-07-19",19821.400391,19821.400391,19605.900391,19726.5,19726.5,25170650000
"2021-07-20",19762.699219,19983.900391,19714.699219,19942.699219,19942.699219,17594200000
"2021-07-21",20012.699219,20144.599609,20012.699219,20110.099609,20110.099609,16113490000
"2021-07-22",20098.699219,20117.300781,20040.199219,20097.5,20097.5,14124640000
"2021-07-23",20163.199219,20203.599609,20146.599609,20188.400391,20188.400391,14476270000
"2021-07-26",20189.699219,20216.800781,20121.800781,20165,20165,17565980000
"2021-07-27",20130.800781,20175.599609,20081.400391,20173.400391,20173.400391,13926800000
"2021-07-28",20213.5,20250.099609,20153.699219,20230.400391,20230.400391,13979080000
"2021-07-29",20284.300781,20363,20273.699219,20311.800781,20311.800781,16312370000
"2021-07-30",20236,20300.699219,20208.199219,20287.800781,20287.800781,19260140000
"2021-08-03",20325.099609,20385.400391,20261.5,20365.900391,20365.900391,17905240000
"2021-08-04",20355.099609,20434,20328.599609,20329.699219,20329.699219,16407870000
"2021-08-05",20361,20422.5,20349.800781,20375.5,20375.5,18171230000
"2021-08-06",20391.699219,20506.199219,20391.699219,20475.400391,20475.400391,16979260000
"2021-08-09",20418.800781,20446.400391,20370.199219,20437.400391,20437.400391,18243360000
"2021-08-10",20464,20541.400391,20458,20495.699219,20495.699219,19748160000
"2021-08-11",20531.599609,20565.400391,20487.900391,20554,20554,18654110000
"2021-08-12",20549.099609,20549.099609,20417.699219,20520.599609,20520.599609,17001080000
"2021-08-13",20565.199219,20567.099609,20501.599609,20518.099609,20518.099609,15758200000
"2021-08-16",20461.099609,20492.5,20417.900391,20483.400391,20483.400391,16255710000
"2021-08-17",20421,20437.599609,20273.699219,20363.599609,20363.599609,18616560000
"2021-08-18",20354.900391,20386.699219,20294.400391,20302.099609,20302.099609,18334420000
"2021-08-19",20196.800781,20246,20109.400391,20215.400391,20215.400391,19305820000
"2021-08-20",20222.5,20347.599609,20209.5,20339,20339,15384030000
"2021-08-23",20400.900391,20479.300781,20386.5,20477.300781,20477.300781,19056540000
"2021-08-24",20503.699219,20576.699219,20484.199219,20547.800781,20547.800781,14968860000
"2021-08-25",20574.800781,20612.400391,20540.5,20587.300781,20587.300781,20451880000
"2021-08-26",20578.699219,20591.400391,20497.099609,20504.199219,20504.199219,16092570000
"2021-08-27",20548.5,20662.900391,20540.199219,20644.599609,20644.599609,16590540000
"2021-08-30",20660.300781,20660.300781,20555.199219,20595,20595,17602460000
"2021-08-31",20611.5,20703.900391,20570.199219,20582.900391,20582.900391,22829390000
"2021-09-01",20604.800781,20723.900391,20604.800781,20689.599609,20689.599609,18848850000
"2021-09-02",20726.699219,20818.400391,20726.699219,20795.099609,20795.099609,16119080000
"2021-09-03",20817.5,20845.599609,20782.5,20821.400391,20821.400391,16330050000
"2021-09-07",20848.300781,20897.599609,20801.099609,20806.599609,20806.599609,20691840000
"2021-09-08",20805.400391,20863.199219,20730.699219,20741.800781,20741.800781,20358190000
"2021-09-09",20723.900391,20785.599609,20675.5,20705.300781,20705.300781,18804860000
"2021-09-10",20759.199219,20759.199219,20631.900391,20633.099609,20633.099609,20540910000
"2021-09-13",20726.300781,20759.400391,20628.800781,20666.400391,20666.400391,26262380000
"2021-09-14",20668,20679.599609,20539.199219,20553.300781,20553.300781,22049190000
"2021-09-15",20591.900391,20717.199219,20569.199219,20693.800781,20693.800781,26519820000
"2021-09-16",20663.400391,20663.400391,20555.099609,20602.099609,20602.099609,19904910000
"2021-09-17",20519,20557.5,20449,20490.400391,20490.400391,50694230000
"2021-09-20",20285.599609,20285.599609,19982.199219,20154.5,20154.5,27122260000
"2021-09-21",20268.099609,20344.699219,20204.599609,20244.300781,20244.300781,21054120000
"2021-09-22",20372.599609,20479.699219,20372.599609,20401.5,20401.5,21009830000
"2021-09-23",20423.099609,20514.900391,20407.800781,20461.900391,20461.900391,25250370000
"2021-09-24",20417.099609,20438.099609,20384.199219,20402.699219,20402.699219,18616020000
"2021-09-27",20433.599609,20503.800781,20428.199219,20463.400391,20463.400391,25797210000
"2021-09-28",20379.5,20379.5,20128.099609,20174.099609,20174.099609,24427540000
"2021-09-29",20223.699219,20275.300781,20154.5,20158.099609,20158.099609,21621720000
"2021-09-30",20186.5,20243.5,20058,20070.300781,20070.300781,25327040000
"2021-10-01",20122.699219,20201.900391,19954.800781,20150.900391,20150.900391,20477660000
"2021-10-04",20094.599609,20162.900391,19968.5,20052.300781,20052.300781,22564140000
"2021-10-05",20107.199219,20220.699219,20062.400391,20183.400391,20183.400391,24185480000
"2021-10-06",20057.800781,20196.400391,20014.300781,20191.699219,20191.699219,24719230000
"2021-10-07",20291.800781,20470.300781,20291.800781,20416.199219,20416.199219,19338480000
"2021-10-08",20469.5,20510.699219,20416.300781,20416.300781,20416.300781,18952380000
"2021-10-12",20412.699219,20478.5,20375.800781,20437.099609,20437.099609,26712100000
"2021-10-13",20468.099609,20621.099609,20427.400391,20618.5,20618.5,23447710000
"2021-10-14",20746.199219,20840.300781,20735.400391,20819.900391,20819.900391,24677880000
"2021-10-15",20888.599609,20969.400391,20855.5,20928.099609,20928.099609,21266590000
"2021-10-18",20898.599609,20985.400391,20853.300781,20985.400391,20985.400391,20000560000
"2021-10-19",21053.800781,21087.599609,21019.300781,21087,21087,20313470000
"2021-10-20",21079.099609,21188.199219,21067.800781,21188.199219,21188.199219,18512890000
"2021-10-21",21137.400391,21230.900391,21126.900391,21212.400391,21212.400391,17055100000
"2021-10-22",21219.099609,21265.800781,21133.900391,21216.199219,21216.199219,18811920000
"2021-10-25",21244.099609,21307,21205.199219,21284.800781,21284.800781,2.3822e+10
"2021-10-26",21311.800781,21311.800781,21167.199219,21173.5,21173.5,17974570000
"2021-10-27",21167.900391,21167.900391,20955,20955,20955,19089740000
"2021-10-28",20990.800781,21216.199219,20979.400391,21197.5,21197.5,19906280000
"2021-10-29",21116.900391,21146.599609,21037.099609,21037.099609,21037.099609,24354980000
"2021-11-01",21124.300781,21254.900391,21107,21247,21247,18845460000
"2021-11-02",21250.599609,21254.599609,21160.5,21170,21170,18774870000
"2021-11-03",21175.400391,21286.199219,21160.5,21265.099609,21265.099609,19079710000
"2021-11-04",21334.400391,21381.300781,21274.800781,21342.099609,21342.099609,25433150000
"2021-11-05",21412.800781,21473.800781,21378.400391,21455.800781,21455.800781,27033230000
"2021-11-08",21537.400391,21585.599609,21527.599609,21556.5,21556.5,29744400000
"2021-11-09",21571.800781,21597.099609,21471.5,21594.5,21594.5,25552300000
"2021-11-10",21567.199219,21597.800781,21415.300781,21461.900391,21461.900391,23396150000
"2021-11-11",21602.099609,21621.5,21556,21582,21582,20411780000
"2021-11-12",21595,21773.099609,21586.599609,21768.5,21768.5,25169840000
"2021-11-15",21758.099609,21765.5,21661.199219,21683.099609,21683.099609,26210100000
"2021-11-16",21720.400391,21796.199219,21697.699219,21717.199219,21717.199219,20081970000
"2021-11-17",21713.5,21753.5,21628.099609,21653,21653,24515620000
"2021-11-18",21649.900391,21692.699219,21560.900391,21637.5,21637.5,21901330000
"2021-11-19",21588.900391,21625.699219,21527.599609,21555,21555,21253270000
"2021-11-22",21578.800781,21578.800781,21420.800781,21420.800781,21420.800781,24417600000
"2021-11-23",21422.900391,21527.5,21350.699219,21453.800781,21453.800781,27981900000
"2021-11-24",21378.099609,21557.300781,21345.699219,21548.400391,21548.400391,20827770000
"2021-11-25",21581.199219,21649.099609,21571.199219,21613.199219,21613.199219,8409330000
"2021-11-26",21383.699219,21383.699219,21086.900391,21125.900391,21125.900391,26516470000
"2021-11-29",21256.199219,21306.099609,21044.599609,21149,21149,26247200000
"2021-11-30",21059.800781,21101.599609,20660,20660,20660,63974400000
"2021-12-01",20917.5,21012.300781,20464.599609,20464.599609,20464.599609,29374110000
"2021-12-02",20496.699219,20833.199219,20479.400391,20762,20762,26610790000
"2021-12-03",20815.900391,20825.199219,20492,20633.300781,20633.300781,25228230000
